-- MySQL dump 10.13  Distrib 5.6.48, for Win64 (x86_64)
--
-- Host: localhost    Database: xtown
-- ------------------------------------------------------
-- Server version	5.6.48-log

/*!40101 SET @OLD_CHARACTER_SET_CLIENT=@@CHARACTER_SET_CLIENT */;
/*!40101 SET @OLD_CHARACTER_SET_RESULTS=@@CHARACTER_SET_RESULTS */;
/*!40101 SET @OLD_COLLATION_CONNECTION=@@COLLATION_CONNECTION */;
/*!40101 SET NAMES utf8 */;
/*!40103 SET @OLD_TIME_ZONE=@@TIME_ZONE */;
/*!40103 SET TIME_ZONE='+00:00' */;
/*!40014 SET @OLD_UNIQUE_CHECKS=@@UNIQUE_CHECKS, UNIQUE_CHECKS=0 */;
/*!40014 SET @OLD_FOREIGN_KEY_CHECKS=@@FOREIGN_KEY_CHECKS, FOREIGN_KEY_CHECKS=0 */;
/*!40101 SET @OLD_SQL_MODE=@@SQL_MODE, SQL_MODE='NO_AUTO_VALUE_ON_ZERO' */;
/*!40111 SET @OLD_SQL_NOTES=@@SQL_NOTES, SQL_NOTES=0 */;

--
-- Table structure for table `bookmark`
--

DROP TABLE IF EXISTS `bookmark`;
/*!40101 SET @saved_cs_client     = @@character_set_client */;
/*!40101 SET character_set_client = utf8 */;
CREATE TABLE `bookmark` (
  `id` int(11) NOT NULL AUTO_INCREMENT,
  `userID` int(11) NOT NULL,
  `providerID` int(11) NOT NULL,
  PRIMARY KEY (`id`),
  KEY `userID` (`userID`),
  KEY `providerID` (`providerID`),
  CONSTRAINT `bookmark_ibfk_1` FOREIGN KEY (`userID`) REFERENCES `user` (`id`),
  CONSTRAINT `bookmark_ibfk_2` FOREIGN KEY (`providerID`) REFERENCES `user` (`id`)
) ENGINE=InnoDB DEFAULT CHARSET=latin1;
/*!40101 SET character_set_client = @saved_cs_client */;

--
-- Dumping data for table `bookmark`
--

LOCK TABLES `bookmark` WRITE;
/*!40000 ALTER TABLE `bookmark` DISABLE KEYS */;
/*!40000 ALTER TABLE `bookmark` ENABLE KEYS */;
UNLOCK TABLES;

--
-- Table structure for table `cart`
--

DROP TABLE IF EXISTS `cart`;
/*!40101 SET @saved_cs_client     = @@character_set_client */;
/*!40101 SET character_set_client = utf8 */;
CREATE TABLE `cart` (
  `id` int(11) NOT NULL AUTO_INCREMENT,
  `userID` int(11) NOT NULL,
  `productID` int(11) NOT NULL,
  `sold` tinyint(1) NOT NULL,
  PRIMARY KEY (`id`),
  KEY `userID` (`userID`),
  KEY `productID` (`productID`),
  CONSTRAINT `cart_ibfk_1` FOREIGN KEY (`userID`) REFERENCES `user` (`id`),
  CONSTRAINT `cart_ibfk_2` FOREIGN KEY (`productID`) REFERENCES `product` (`id`)
) ENGINE=InnoDB DEFAULT CHARSET=utf8 COLLATE=utf8_bin;
/*!40101 SET character_set_client = @saved_cs_client */;

--
-- Dumping data for table `cart`
--

LOCK TABLES `cart` WRITE;
/*!40000 ALTER TABLE `cart` DISABLE KEYS */;
/*!40000 ALTER TABLE `cart` ENABLE KEYS */;
UNLOCK TABLES;

--
-- Table structure for table `category`
--

DROP TABLE IF EXISTS `category`;
/*!40101 SET @saved_cs_client     = @@character_set_client */;
/*!40101 SET character_set_client = utf8 */;
CREATE TABLE `category` (
  `id` int(11) NOT NULL AUTO_INCREMENT,
  `category` varchar(11) CHARACTER SET latin1 NOT NULL,
  PRIMARY KEY (`id`)
) ENGINE=InnoDB AUTO_INCREMENT=5 DEFAULT CHARSET=utf8 COLLATE=utf8_bin;
/*!40101 SET character_set_client = @saved_cs_client */;

--
-- Dumping data for table `category`
--

LOCK TABLES `category` WRITE;
/*!40000 ALTER TABLE `category` DISABLE KEYS */;
INSERT INTO `category` VALUES (1,'phones'),(3,'restaurant'),(4,'FMCG');
/*!40000 ALTER TABLE `category` ENABLE KEYS */;
UNLOCK TABLES;

--
-- Table structure for table `comment`
--

DROP TABLE IF EXISTS `comment`;
/*!40101 SET @saved_cs_client     = @@character_set_client */;
/*!40101 SET character_set_client = utf8 */;
CREATE TABLE `comment` (
  `id` int(11) NOT NULL AUTO_INCREMENT,
  `userID` int(11) NOT NULL,
  `postID` int(11) NOT NULL,
  `text` varchar(3000) CHARACTER SET latin1 NOT NULL,
  `date` date NOT NULL,
  PRIMARY KEY (`id`),
  KEY `userID` (`userID`),
  KEY `postID` (`postID`),
  CONSTRAINT `comment_ibfk_1` FOREIGN KEY (`userID`) REFERENCES `user` (`id`),
  CONSTRAINT `comment_ibfk_2` FOREIGN KEY (`postID`) REFERENCES `post` (`id`)
) ENGINE=InnoDB DEFAULT CHARSET=utf8 COLLATE=utf8_bin;
/*!40101 SET character_set_client = @saved_cs_client */;

--
-- Dumping data for table `comment`
--

LOCK TABLES `comment` WRITE;
/*!40000 ALTER TABLE `comment` DISABLE KEYS */;
/*!40000 ALTER TABLE `comment` ENABLE KEYS */;
UNLOCK TABLES;

--
-- Table structure for table `gallery`
--

DROP TABLE IF EXISTS `gallery`;
/*!40101 SET @saved_cs_client     = @@character_set_client */;
/*!40101 SET character_set_client = utf8 */;
CREATE TABLE `gallery` (
  `id` int(11) NOT NULL AUTO_INCREMENT,
  `userID` int(11) NOT NULL,
  `image` varchar(200) NOT NULL,
  PRIMARY KEY (`id`),
  KEY `userID` (`userID`),
  CONSTRAINT `gallery_ibfk_1` FOREIGN KEY (`userID`) REFERENCES `user` (`id`)
) ENGINE=InnoDB DEFAULT CHARSET=latin1;
/*!40101 SET character_set_client = @saved_cs_client */;

--
-- Dumping data for table `gallery`
--

LOCK TABLES `gallery` WRITE;
/*!40000 ALTER TABLE `gallery` DISABLE KEYS */;
/*!40000 ALTER TABLE `gallery` ENABLE KEYS */;
UNLOCK TABLES;

--
-- Table structure for table `post`
--

DROP TABLE IF EXISTS `post`;
/*!40101 SET @saved_cs_client     = @@character_set_client */;
/*!40101 SET character_set_client = utf8 */;
CREATE TABLE `post` (
  `id` int(11) NOT NULL AUTO_INCREMENT,
  `userID` int(11) NOT NULL,
  `likes` int(11) NOT NULL,
  `date` date NOT NULL,
  `text` varchar(3000) CHARACTER SET latin1 NOT NULL,
  `image` varchar(200) CHARACTER SET latin1 NOT NULL,
  PRIMARY KEY (`id`),
  KEY `userID` (`userID`),
  CONSTRAINT `post_ibfk_1` FOREIGN KEY (`userID`) REFERENCES `user` (`id`)
) ENGINE=InnoDB DEFAULT CHARSET=utf8 COLLATE=utf8_bin;
/*!40101 SET character_set_client = @saved_cs_client */;

--
-- Dumping data for table `post`
--

LOCK TABLES `post` WRITE;
/*!40000 ALTER TABLE `post` DISABLE KEYS */;
/*!40000 ALTER TABLE `post` ENABLE KEYS */;
UNLOCK TABLES;

--
-- Table structure for table `product`
--

DROP TABLE IF EXISTS `product`;
/*!40101 SET @saved_cs_client     = @@character_set_client */;
/*!40101 SET character_set_client = utf8 */;
CREATE TABLE `product` (
  `id` int(11) NOT NULL AUTO_INCREMENT,
  `name` varchar(50) CHARACTER SET latin1 NOT NULL,
  `category` varchar(50) CHARACTER SET latin1 NOT NULL,
  `price` int(5) NOT NULL,
  `userID` int(11) NOT NULL,
  `rating` int(1) NOT NULL,
  `quantity` int(4) NOT NULL,
  PRIMARY KEY (`id`),
  KEY `userID` (`userID`),
  CONSTRAINT `product_ibfk_1` FOREIGN KEY (`userID`) REFERENCES `user` (`id`)
) ENGINE=InnoDB DEFAULT CHARSET=utf8 COLLATE=utf8_bin;
/*!40101 SET character_set_client = @saved_cs_client */;

--
-- Dumping data for table `product`
--

LOCK TABLES `product` WRITE;
/*!40000 ALTER TABLE `product` DISABLE KEYS */;
/*!40000 ALTER TABLE `product` ENABLE KEYS */;
UNLOCK TABLES;

--
-- Table structure for table `roles`
--

DROP TABLE IF EXISTS `roles`;
/*!40101 SET @saved_cs_client     = @@character_set_client */;
/*!40101 SET character_set_client = utf8 */;
CREATE TABLE `roles` (
  `id` int(11) NOT NULL AUTO_INCREMENT,
  `Role` varchar(10) NOT NULL,
  PRIMARY KEY (`id`)
) ENGINE=InnoDB AUTO_INCREMENT=4 DEFAULT CHARSET=latin1;
/*!40101 SET character_set_client = @saved_cs_client */;

--
-- Dumping data for table `roles`
--

LOCK TABLES `roles` WRITE;
/*!40000 ALTER TABLE `roles` DISABLE KEYS */;
INSERT INTO `roles` VALUES (1,'Admin'),(2,'Provider'),(3,'User');
/*!40000 ALTER TABLE `roles` ENABLE KEYS */;
UNLOCK TABLES;

--
-- Table structure for table `user`
--

DROP TABLE IF EXISTS `user`;
/*!40101 SET @saved_cs_client     = @@character_set_client */;
/*!40101 SET character_set_client = utf8 */;
CREATE TABLE `user` (
  `id` int(11) NOT NULL AUTO_INCREMENT,
  `username` varchar(50) CHARACTER SET latin1 NOT NULL,
  `email` varchar(50) CHARACTER SET latin1 NOT NULL,
  `password` varchar(64) CHARACTER SET latin1 NOT NULL,
  `RoleID` int(11) NOT NULL,
  `payService` varchar(20) CHARACTER SET latin1 DEFAULT NULL,
  `mobile` int(11) NOT NULL,
  `serviceName` varchar(60) CHARACTER SET latin1 NOT NULL,
  `location` varchar(200) COLLATE utf8_bin DEFAULT NULL,
  `address` varchar(200) COLLATE utf8_bin DEFAULT NULL,
  `avatar` varchar(200) CHARACTER SET latin1 NOT NULL,
  `cover` varchar(200) CHARACTER SET latin1 NOT NULL,
  `video` varchar(200) CHARACTER SET latin1 NOT NULL,
  `description` varchar(500) CHARACTER SET latin1 NOT NULL,
  `workingHours` varchar(500) CHARACTER SET latin1 DEFAULT NULL,
  `categoryID` int(11) NOT NULL,
  `token` varchar(200) CHARACTER SET latin1 DEFAULT NULL,
  PRIMARY KEY (`id`),
  UNIQUE KEY `username` (`username`),
  UNIQUE KEY `email` (`email`),
  KEY `categoryID` (`categoryID`),
  KEY `RoleID` (`RoleID`),
  CONSTRAINT `user_ibfk_1` FOREIGN KEY (`categoryID`) REFERENCES `category` (`id`),
  CONSTRAINT `user_ibfk_2` FOREIGN KEY (`RoleID`) REFERENCES `roles` (`id`)
) ENGINE=InnoDB AUTO_INCREMENT=874 DEFAULT CHARSET=utf8 COLLATE=utf8_bin;
/*!40101 SET character_set_client = @saved_cs_client */;

--
-- Dumping data for table `user`
--

LOCK TABLES `user` WRITE;
/*!40000 ALTER TABLE `user` DISABLE KEYS */;
INSERT INTO `user` VALUES (2,'Khaled Abu Attia','phones1x@gmail.com','$2b$10$5VzGg793ul3YIFkoirzs3uckCiyF7UCJSwKXDUU2NPET6m9OfspMS',2,NULL,8888491,'(Abu Aita 2) Abu Attia Communications Gallery','{\"lat\":\"31.44079219\",\"lng\":\"34.40397927\"}',NULL,'avatar','cover','Video','description',NULL,1,NULL),(3,'Ahmed Madi','phones5x@gmail.com','$2b$10$QyMfUwUnZ0ch9c5YFVGgquCjb.n9PF/VZmRe1Mu/xIp/gZaspC7a6',2,NULL,9354666,'Exhibition of expert Al-Nasr (exhibition of the expert','{\"lat\":\"31.5369334\",\"lng\":\"34.4621945\"}',NULL,'avatar','cover','Video','description',NULL,1,'eyJhbGciOiJIUzI1NiIsInR5cCI6IkpXVCJ9.eyJpZCI6MywidXNlcm5hbWUiOiJBaG1lZCBNYWRpIiwiaWF0IjoxNTk2OTYwNjI0LCJleHAiOjE1OTcxMzM0MjR9.FUiQ8Y_Sdz2VCt28V9QpPHeJwT61M7p3_xnqLHo4Z5U'),(4,'Tiger','phones10x@gmail.com','$2b$10$6Y.j32aldvwuIMCfYLCZRu1LGb/4YkWK8iseFarJkumskYJQ8kg0C',2,NULL,68888025,'Tiger von college (Tiger von','{\"lat\":\"31.4978786\",\"lng\":\"34.437651\"}',NULL,'avatar','cover','Video','description',NULL,1,'eyJhbGciOiJIUzI1NiIsInR5cCI6IkpXVCJ9.eyJpZCI6NCwidXNlcm5hbWUiOiJUaWdlciIsImlhdCI6MTU5Njk2MDQyNCwiZXhwIjoxNTk3MTMzMjI0fQ.8PVlkz2-WW-0HLsR59Z_XBUO1G23L2d2ZFdW5ckdXnE'),(5,'Mohammed Suleiman Abu Halima','phones2x@gmail.com','$2b$10$3bwbIm31K5KoGCRcQJIuVu.FRs96lPmeSssQEE0B1a8988h2vmUfy',2,NULL,8745776,'Abu Halima Communications (Mayar Phone','{\"lat\":\"31.5493149\",\"lng\":\"34.4979991\"}',NULL,'avatar','cover','Video','description',NULL,1,NULL),(6,'Amjad Kodeih','phones3x@gmail.com','$2b$10$6z/31o.a1djucN4nKZtigeMOfT.u.E.Yri1TY4uAEkSPocyzpKwT.',2,NULL,8888896,'Qudaih Telecom (Qudaih Mobile Showroom.)','{\"lat\":\"31.3419425\",\"lng\":\"34.3256629\"}',NULL,'avatar','cover','Video','description',NULL,1,'eyJhbGciOiJIUzI1NiIsInR5cCI6IkpXVCJ9.eyJpZCI6NiwidXNlcm5hbWUiOiJBbWphZCBLb2RlaWgiLCJpYXQiOjE1OTY5NjA2NjcsImV4cCI6MTU5NzEzMzQ2N30.dOwy0JDZiAUGzbXZB323ERrpprlNSE9vqkAQubuE1fY'),(7,'Khaled Ahmed Al-Gharabawi','phones6x@gmail.com','$2b$10$rkQ8Hi2Nj6X7c3N8/15/ZeJgi8/fMnio0yijkf5nriuySeyppDXci',2,NULL,8888465,'Al Marwan Telecom Exhibition 2 (Al Marwan Center','{\"lat\":\"31.544443\",\"lng\":\"34.4679499\"}',NULL,'avatar','cover','Video','description',NULL,1,NULL),(8,'Ahmed Abdul Mohsen Mukhtar Lulu','phones11x@gmail.com','$2b$10$elMbrQoTLXXft9oADWdixOiEE4UVzAYlEfVzAM0.mTrpgF/OybHTG',2,NULL,7300040,'3 Star Phone','{\"lat\":\"31.5043076\",\"lng\":\"34.4746142\"}',NULL,'avatar','cover','Video','description',NULL,1,NULL),(9,'Mahmoud Irmaih Ibrahim Arhim','phones8x@gmail.com','$2b$10$ufjg/gc3jk9IQku73b7oOOkHGxhC6QEjrsaCZ00iKwSNgJxl501B6',2,NULL,8888497,'Zain Telecom Exhibition 2 (Zain Telecom Exhibition','{\"lat\":\"31.5087408\",\"lng\":\"34.4263787\"}',NULL,'avatar','cover','Video','description',NULL,1,'eyJhbGciOiJIUzI1NiIsInR5cCI6IkpXVCJ9.eyJpZCI6OSwidXNlcm5hbWUiOiJNYWhtb3VkIElybWFpaCBJYnJhaGltIEFyaGltIiwiaWF0IjoxNTk2OTYwNzg2LCJleHAiOjE1OTcxMzM1ODZ9.H4VH1qHzOjYgJ6jxXUzPbWHwU_F_a1y1k2xLN-KO0-0'),(10,'Yahya Jamal Al-Azayzeh','phones12x@gmail.com','$2b$10$xWE5/G0bYC3zUFY594xO7OzFpQmxWNvJI0sVKPbT7FWWlvwcPs7KK',2,NULL,7158615,'Alfa','{\"lat\":\"31.41704418\",\"lng\":\"34.34762405\"}',NULL,'avatar','cover','Video','description',NULL,1,'eyJhbGciOiJIUzI1NiIsInR5cCI6IkpXVCJ9.eyJpZCI6MTAsInVzZXJuYW1lIjoiWWFoeWEgSmFtYWwgQWwtQXpheXplaCIsImlhdCI6MTU5Njk2MDY4OCwiZXhwIjoxNTk3MTMzNDg4fQ.7KjiVIhyisDrBJ1o8HHSLcUrETbTpggytFrGyg2zkKA'),(11,'Mohamed Youssef Hegazy','phones7x@gmail.com','$2b$10$.kC0IM0ef9Sf6CUrHBvwlOfs6M0Caf18CsbxQb2u69w2CbSuyVviS',2,NULL,568745720,'Hijazi Al-Nasr Exhibition (Hijazi Communication Gallery','{\"lat\":\"31.5367658\",\"lng\":\"34.4621648\"}',NULL,'avatar','cover','Video','description',NULL,1,NULL),(12,'Ali Abd al-Haman Dawood Akilah','phones13x@gmail.com','$2b$10$bA47U9sutD4Vw3EWaneS/OkovX.lnEWXkCdmNrLEifTD7s/hRwO.W',2,NULL,8999226,'Apple Store - Ali Akila','{\"lat\":\"31.5310603\",\"lng\":\"34.4556348\"}',NULL,'avatar','cover','Video','description',NULL,1,NULL),(13,'Ahmed Jamal Misbah Al-Qarmani','phones14x@gmail.com','$2b$10$WhB3aQcIZot/PursAcUyZ.C.Y0ncGLfczp6osNOiwee.c9rE84.AG',2,NULL,8684362,'Expertech','{\"lat\":\"31.41817766\",\"lng\":\"34.34891833\"}',NULL,'avatar','cover','Video','description',NULL,1,NULL),(14,'Ayman Afaneh','phones15x@gmail.com','$2b$10$HCvZrCumOnbHsSoqlaBNO.9QGfaFKjxL9j7LIDzcyC8pRNN0WoptS',2,NULL,9333655,'Galaxy Phone','{\"lat\":\"31.523111\",\"lng\":\"34.4598645\"}',NULL,'avatar','cover','Video','description',NULL,1,NULL),(15,'Muhammad Abu Al-Huda','phones17x@gmail.com','$2b$10$I7lJKwYwpv30LVg1zyI5X.zl0JYF3G877i0HoqkCWW1k2qV9KKB8O',2,NULL,594123523,'Golden Phone_ Muhammad Abu Al-Hoda','{\"lat\":\"31.5038861\",\"lng\":\"34.4263678\"}',NULL,'avatar','cover','Video','description',NULL,1,NULL),(16,'Order of Riad Fares Azzam','phones19x@gmail.com','$2b$10$k.WRwkjRWjpjkoF5jYy25.rsgHvELjiCreY705mGP3kjd4AWhpvgO',2,NULL,7575123,'G-tech_ Wissam Azzam','{\"lat\":\"31.5426979\",\"lng\":\"34.4605093\"}',NULL,'avatar','cover','Video','description',NULL,1,NULL),(17,'Mohammed Shaheen','phones20x@gmail.com','$2b$10$brK25vn96s0GGzbjTpPBT.XC6u68yMfWIuXNeEwUT3NN5lgBKyrGG',2,NULL,8620578,'J PHONE 2_Mohammed Shaheen','{\"lat\":\"31.5404678\",\"lng\":\"34.4998207\"}',NULL,'avatar','cover','Video','description',NULL,1,NULL),(18,'Karam Amer Sobhi porno','phones21x@gmail.com','$2b$10$/YA6FdJVSbIiLSlLKdnPWeIIJYSPY0PVk.nz5uU4lwv29JQzuZLy6',2,NULL,567705710,'lamar','{\"lat\":\"31.5177829\",\"lng\":\"34.4468963\"}',NULL,'avatar','cover','Video','description',NULL,1,NULL),(19,'Happy beautiful Saeed cascade','phones22x@gmail.com','$2b$10$N.XipBVHHsenjRlVimhjVexwC89Hqz9ZUARV.EC2hn1mKN6pnK06q',2,NULL,566101010,'meat City','{\"lat\":\"31.5220504\",\"lng\":\"34.4452783\"}',NULL,'avatar','cover','Video','description',NULL,1,NULL),(20,'My Phone / Hamada Saq Allah','phones23x@gmail.com','$2b$10$F0t10ZG8sVy9/0lKhw.nhOg4fUUtgoG4k5wqAo8wQj1A3LX5xUidW',2,NULL,568888084,'my phone','{\"lat\":\"31.5158789\",\"lng\":\"34.4488606\"}',NULL,'avatar','cover','Video','description',NULL,1,NULL),(21,'Ahmed Kamal Quneitah','phones24x@gmail.com','$2b$10$FMbAgArxue2hUuJyWlUk9eZZZkd4gF4D3/B.Tf5ppd8kKaOpcLEQ.',2,NULL,8888870,'Red Mobile','{\"lat\":\"31.5178551\",\"lng\":\"34.4447304\"}',NULL,'avatar','cover','Video','description',NULL,1,'eyJhbGciOiJIUzI1NiIsInR5cCI6IkpXVCJ9.eyJpZCI6MjEsInVzZXJuYW1lIjoiQWhtZWQgS2FtYWwgUXVuZWl0YWgiLCJpYXQiOjE1OTY5NjA4MzYsImV4cCI6MTU5NzEzMzYzNn0.Rz3Ch6uepe9JaFRpqTrdTpb_WZdzf4aGUFsmVq2U0QE'),(22,'Ayman Majed Hamed Jerjawi','phones25x@gmail.com','$2b$10$Q84GAH2hy2ZgfjjSV04UQ.z5OCnKRngMhh8l5vz88eQhYG39WLb8u',2,NULL,9112838,'Rose phone','{\"lat\":\"31.47213816\",\"lng\":\"34.40229084\"}',NULL,'avatar','cover','Video','description',NULL,1,NULL),(23,'Saber Mustafa dogs','phones26x@gmail.com','$2b$10$M6hwMsOGF/LRA3isrcG3Vul9Had2L52Jdu.p0jnV8feuphNzULj.a',2,NULL,595637780,'sam mobile','{\"lat\":\"31.53096\",\"lng\":\"34.4479556\"}',NULL,'avatar','cover','Video','description',NULL,1,NULL),(24,'Zakaria Musa Abdel Salam','phones27x@gmail.com','$2b$10$ZBw6GQG06MMAC9REURv.VOAuVENeLUEIMRbP1svIKVtHzCg7klY76',2,NULL,568055080,'smart mobile','{\"lat\":\"31.5160253\",\"lng\":\"34.447088\"}',NULL,'avatar','cover','Video','description',NULL,1,NULL),(25,'Khaled Hatem Siyam','phones28x@gmail.com','$2b$10$XG8x0SwTZZ1HcJ8dtHlIhecmafK6T.iozMcL5bFjbADNg1Vgb2AFG',2,NULL,9444633,'Smart Phone','{\"lat\":\"31.533065\",\"lng\":\"34.4470508\"}',NULL,'avatar','cover','Video','description',NULL,1,NULL),(26,'Mustafa Abu Shhala','phones29x@gmail.com','$2b$10$5pMa6Saz01VMH9DG2QhpBO15cIFajE6FeXI1ryZPrH5ZEOSD./y0a',2,NULL,8888049,'start tech','{\"lat\":\"31.5153798\",\"lng\":\"34.4497316\"}',NULL,'avatar','cover','Video','description',NULL,1,NULL),(27,'Top','phones30x@gmail.com','$2b$10$Qw7YNS5.aftzB0mqxSa8dOBrK5.3L5zEkrZJOp7OqA75/0yFPQ8XS',2,NULL,9444577,'Top Speed','{\"lat\":\"31.5584326\",\"lng\":\"34.4871233\"}',NULL,'avatar','cover','Video','description',NULL,1,NULL),(28,'Ramy Hegazy','phones31x@gmail.com','$2b$10$1I1LdLyMUU4DfNbl4IWB3ul3pPBMldBgkHHJ2aiG8hkiPcpypPf02',2,NULL,7400074,'zone tech','{\"lat\":\"31.54412\",\"lng\":\"34.4985249\"}',NULL,'avatar','cover','Video','description',NULL,1,NULL),(29,'Fadi Abu Obaid','phones32x@gmail.com','$2b$10$I5LUXa6HUN7tgaEp3FsoR.diYGBEeVOu7CqiaVv4v7yx8XMGZ4QN6',2,NULL,8720188,'zoom _ Fadi Abu Obaid','{\"lat\":\"31.2802616\",\"lng\":\"34.252503\"}',NULL,'avatar','cover','Video','description',NULL,1,NULL),(30,'Alaa Abu Jerboa','phones33x@gmail.com','$2b$10$5T6nJIV3UKQ2PJm6/ZSjIevVzwT7gEictSbcj2XK1Qoi2oKxeKLxK',2,NULL,7210200,'Abu Jerboa Computer _ Alaa Abu Jarboa','{\"lat\":\"31.45614029\",\"lng\":\"34.39076868\"}',NULL,'avatar','cover','Video','description',NULL,1,NULL),(31,'Mohammed Hamed Mahmoud Abu Sharkh','phones36x@gmail.com','$2b$10$Pz.nSgEz4aczjV91863Wv.yXAZcbVCDqLrFGYShVtyK83klk5l5VS',2,NULL,568999355,'Abu Sharkh Communications','{\"lat\":\"31.3100425\",\"lng\":\"34.2434509\"}',NULL,'avatar','cover','Video','description',NULL,1,NULL),(32,'Ahmed Abodeh','phones34x@gmail.com','$2b$10$Yd2X.WgbfI9osRdicHG8zezTuxAb/UwPgAfn7Qg5j7pl.lht5lBW.',2,NULL,599744228,'Abu Dayya iPhone','{\"lat\":\"31.5048358\",\"lng\":\"34.4557406\"}',NULL,'avatar','cover','Video','description',NULL,1,NULL),(33,'Karim Issa Muhammad Abu Saada','phones35x@gmail.com','$2b$10$nv9VOL7r5khPZhdza.7O2edLvBBm0waXEqKAjqg4ed0jaD2c1.V42',2,NULL,8616340,'Abu Saada phone','{\"lat\":\"31.5425651\",\"lng\":\"34.4984609\"}',NULL,'avatar','cover','Video','description',NULL,1,NULL),(34,'Fadi Abu Suhaiban','phones37x@gmail.com','$2b$10$H9zofBtLlyZ7/VwZbg59y.DmX.VXr6PkTFqz8EzKx1m2DGccq6Xea',2,NULL,7697181,'Abu Suhaib Center_Fadi Abu Suhaiban','{\"lat\":\"31.5251936\",\"lng\":\"34.463533\"}',NULL,'avatar','cover','Video','description',NULL,1,NULL),(35,'Eid Muhammad Eid Abu Taha','phones38x@gmail.com','$2b$10$TTS4LblLUCkRzOrKYweyx.rMwlwfOxV0Z2t4Z6nZeb2ZCWpiFLyBi',2,NULL,8635985,'Abu Taha Communications','{\"lat\":\"31.2774299\",\"lng\":\"34.2502279\"}',NULL,'avatar','cover','Video','description',NULL,1,NULL),(36,'Mohammed Abu Eida','phones39x@gmail.com','$2b$10$Oidl5gc5IngYKEEIO7aKOuRWqR2litKknaFTx.oWcapoN/4GQtEqK',2,NULL,8611492,'Abu Eida Telecom _ Muhammad Abu Eida','{\"lat\":\"31.5395243\",\"lng\":\"34.4933776\"}',NULL,'avatar','cover','Video','description',NULL,1,NULL),(37,'Muhammad Ali Abu Foul','phones40x@gmail.com','$2b$10$QrBL3v4M3cg9k3laxMWG1e2gw4M8Kv2i6KS.e8m5KWa7BuGlcTUQG',2,NULL,8399682,'Abu Full Phone','{\"lat\":\"31.5316053\",\"lng\":\"34.4711105\"}',NULL,'avatar','cover','Video','description',NULL,1,NULL),(38,'Mohammed Khalil Mahmoud Abu Mutlaq','phones41x@gmail.com','$2b$10$iTfMXltLqEJZt36h23qq5uEWhP3fjrGszckf3qI13lt6N4wLDYDu6',2,NULL,9247778,'Abu Mutlaq for communications and electrical appliances','{\"lat\":\"31.3304506\",\"lng\":\"34.3372757\"}',NULL,'avatar','cover','Video','description',NULL,1,NULL),(39,'Mahmoud Abu Hamad','phones43x@gmail.com','$2b$10$IwYHnjdYFDNiz76nMOoTOOwJBYX9aHoIVRGUjGR/irvtcYs5yom7q',2,NULL,8645101,'Abu Hamad for Communications and Exchange_ Mahmoud Abu Hamad','{\"lat\":\"31.3240576\",\"lng\":\"34.346141\"}',NULL,'avatar','cover','Video','description',NULL,1,NULL),(40,'Tariq Emad Abu Dyer','phones44x@gmail.com','$2b$10$bnbGjJ8RxCzWFXp5hf4FmOuJQynwl.3sw/LPWl47gB9CyjIg4xFmu',2,NULL,8999422,'Abodeire Communications','{\"lat\":\"31.5358658\",\"lng\":\"34.5044034\"}',NULL,'avatar','cover','Video','description',NULL,1,NULL),(41,'Abu Atwan','phones45x@gmail.com','$2b$10$L1FZwWtQ5iWLkusRzEnf9.L2/pyZ4npgAjIN2fmmu7rMy3buuJ14O',2,NULL,567064575,'Abu Atwan Telecom_ Ibrahim Abu Atwan','{\"lat\":\"31.2799584\",\"lng\":\"34.2545969\"}',NULL,'avatar','cover','Video','description',NULL,1,NULL),(42,'Ahmed Mohammed Abu Warda','phones46x@gmail.com','$2b$10$L06kkemPtZMqlltN1xDAcu84fsDL2R.vjXx1LvO/9.Bsf9xBm4Xwm',2,NULL,8888860,'Abukram Phone','{\"lat\":\"31.5331818\",\"lng\":\"34.4732216\"}',NULL,'avatar','cover','Video','description',NULL,1,NULL),(43,'Mahmoud Zaki Abdel Kaoud','phones47x@gmail.com','$2b$10$jeLTsFHpXP5FGVIBFVfSlOX20TjYjAv0rLHyO/BeVTznNS0SKejRy',2,NULL,568687618,'My contacts_mahmoud kaoud','{\"lat\":\"31.5309584\",\"lng\":\"34.4770744\"}',NULL,'avatar','cover','Video','description',NULL,1,NULL),(44,'Jawad Abdul Hamid Mahmoud Al-Attar','phones49x@gmail.com','$2b$10$uZPbb10EP.Oxrwy4RgOoBOWEKC6e9.EvvZIW/K8lT4zuYz89QXFCO',2,NULL,8888849,'IPhone Airs','{\"lat\":\"31.2833801\",\"lng\":\"34.2510681\"}',NULL,'avatar','cover','Video','description',NULL,1,NULL),(45,'Ahmed Mohammed Suleiman Awad Allah','phones50x@gmail.com','$2b$10$x1NgAWfyCvACmabcVy1GbO1O7aUmGt9j8xLGQ5iR.WopcYe.U7s7m',2,NULL,598337892,'Ahmed Awad Allah','{\"lat\":\"31.3062956\",\"lng\":\"34.2401306\"}',NULL,'avatar','cover','Video','description',NULL,1,NULL),(46,'Ahmed Al-Tahrawi','phones51x@gmail.com','$2b$10$bFo2Z2nAnPvCaOiARdMio.gqXxYRIjqsScoxXa2/h2pevGQ2k8NSe',2,NULL,9444331,'Ahmed Fon _Ahmed Al-Tahrawi','{\"lat\":\"31.4470099\",\"lng\":\"34.3922308\"}',NULL,'avatar','cover','Video','description',NULL,1,NULL),(47,'Adam Abu Al-Rous','phones52x@gmail.com','$2b$10$ozcqVM85yxcjfmKFPeh3kug4TdlfYsKmmANkD2ld6U0e.paRLxefW',2,NULL,567646434,'Adam Communications','{\"lat\":\"31.45233472\",\"lng\":\"34.38962402\"}',NULL,'avatar','cover','Video','description',NULL,1,NULL),(48,'Sameh Misbah Nasser','phones53x@gmail.com','$2b$10$47huz4LhdJK1OR1ezeag6OdTxuY/jbUdLQm8lX/YXVjBsOsBJ4O.S',2,NULL,7237771,'Please','{\"lat\":\"31.5376889\",\"lng\":\"34.5334478\"}',NULL,'avatar','cover','Video','description',NULL,1,NULL),(49,'Sultan Bassem Qureiqi','phones55x@gmail.com','$2b$10$qzmxUtJ.pIrNyg7OuinZZ.OVBKYCnflqJ8PJx8UR1NH/.zPQJN3xW',2,NULL,59499902,'Islam iPhone Telecom','{\"lat\":\"31.5293097\",\"lng\":\"34.4645646\"}',NULL,'avatar','cover','Video','description',NULL,1,NULL),(50,'Hazem Essam Attia Maqat','phones58x@gmail.com','$2b$10$P/2Sot4eUHQ7UhM31/NNtuk4G/2vwIoiqqVClV01PRvGvvSXpUCAK',2,NULL,569897770,'Brother Telecom','{\"lat\":\"31.5074672\",\"lng\":\"34.463569\"}',NULL,'avatar','cover','Video','description',NULL,1,NULL),(51,'Amer Aburiala','phones60x@gmail.com','$2b$10$qLcJqn1OQAuhB0gqSCiD2uq21URR4cJGRg6TgcYrX/JUfKQTvdIE6',2,NULL,8888147,'Israa for cellular and communications','{\"lat\":\"31.5375067\",\"lng\":\"34.4502133\"}',NULL,'avatar','cover','Video','description',NULL,1,NULL),(52,'Paris Telecom','phones59x@gmail.com','$2b$10$FMyGJ57Lv0vzYUoSbNug2uQftYXj/yPacKnQd8LDNomlBGXmtvXly',2,NULL,0,'Osama for mobiles','{\"lat\":\"31.5424521\",\"lng\":\"34.4984546\"}',NULL,'avatar','cover','Video','description',NULL,1,NULL),(53,'Sami Al-Kurd','phones61x@gmail.com','$2b$10$Y7kZlHTSbbBwjoIMaRjRL.6CbEkIxaxbB.j1IhHRNe.ekbYHaaYLm',2,NULL,8888893,'originality','{\"lat\":\"31.41743937\",\"lng\":\"34.35080154\"}',NULL,'avatar','cover','Video','description',NULL,1,NULL),(54,'Ramy Mazeed','phones62x@gmail.com','$2b$10$RCOQuzZLxCaNUH3jKp6hE.aOqCOD1iH05LmbbJsFQJ.7/7Ubv7De6',2,NULL,599455400,'Al-Aseel Tech','{\"lat\":\"31.4184156\",\"lng\":\"34.3494212\"}',NULL,'avatar','cover','Video','description',NULL,1,NULL),(55,'Mohammed Ahmed Mahmoud Abu Shawish','phones63x@gmail.com','$2b$10$UtIUU/xoZFwPvaFFZj/rkOBVSifG78EJLdkngvwlZmzAQKpw7W/CK',2,NULL,8888837,'IPhone inherent','{\"lat\":\"31.2792187\",\"lng\":\"34.2554016\"}',NULL,'avatar','cover','Video','description',NULL,1,NULL),(57,'Ali Hamed Ashour','phones65x@gmail.com','$2b$10$pOt8l.mqOvTzUc.o0mSWaePaHPZPZdBWw8/Zb1IlPDKK87Vcoidy6',2,NULL,9333374,'Al Aqsa Center for Computer and Mobile Services - Ali Ashour','{\"lat\":\"31.4928062\",\"lng\":\"34.4543958\"}',NULL,'avatar','cover','Video','description',NULL,1,NULL),(58,'Sami Akila','phones66x@gmail.com','$2b$10$S2l9s7l1Ub7qehT8FCwhfOrUy04asYtR.IOPhojyLHqdnfl2W4lza',2,NULL,8626827,'Al Aqsa for Mobiles and Accessories _ Sami Akila','{\"lat\":\"31.5116301\",\"lng\":\"34.4400666\"}',NULL,'avatar','cover','Video','description',NULL,1,NULL),(59,'Amir Abdul Nasser Abdullah Al-Makawi','phones68x@gmail.com','$2b$10$PPoc3sJ.pGW7cy76STeR4.UWHaGDj9ibk4L5VbB3OiA5aUbRh2mMK',2,NULL,8651047,'Prince Fone','{\"lat\":\"31.42177437\",\"lng\":\"34.38352427\"}',NULL,'avatar','cover','Video','description',NULL,1,NULL),(60,'Amir Abu Shamala','phones69x@gmail.com','$2b$10$VSsvnSSU6M8XSodPAPQGZ.9hQP20NHZ05g91kgnoCVfPU91OxAwOe',2,NULL,9444322,'Prince Communications - Amir Abu Shamala','{\"lat\":\"31.2737741\",\"lng\":\"34.261949\"}',NULL,'avatar','cover','Video','description',NULL,1,NULL),(61,'Walid Asaad Mahmoud Al-Khouli','phones70x@gmail.com','$2b$10$y1FRQxb9cH7uE9vw6DemD.2jsYHjIw7WPMO83DbEvHK.ZXhyNNjJy',2,NULL,598944630,'Al Amin Exchange','{\"lat\":\"31.5053996\",\"lng\":\"34.4319754\"}',NULL,'avatar','cover','Video','description',NULL,1,NULL),(62,'Doaa Aldqas','phones71x@gmail.com','$2b$10$jjwFzkjlgs0m6xETrdraAO7JbYIJq88Dld33XH6Wq9WMBmXjf5Eo6',2,NULL,8659030,'Faith Telecom','{\"lat\":\"31.5453017\",\"lng\":\"34.5217583\"}',NULL,'avatar','cover','Video','description',NULL,1,NULL),(63,'Muhammad Abu Jama','phones72x@gmail.com','$2b$10$ChwkcHx.cTVQKcpV52eDw..cV0BpC6DrfftLqpCsmaZAw2vF9UN3G',2,NULL,7111621,'Al-Basha Mobile 2','{\"lat\":\"31.4494723\",\"lng\":\"34.3901823\"}',NULL,'avatar','cover','Video','description',NULL,1,NULL),(64,'Munther Mustafa Ahmed Al-Bahri','phones73x@gmail.com','$2b$10$SIPQvE0wjNZwjXtoUP4n9OxKJewNNdqP0wmRJd8ZnAne.V6nupHDe',2,NULL,8740239,'Maritime iPhone','{\"lat\":\"31.5484709\",\"lng\":\"34.5002165\"}',NULL,'avatar','cover','Video','description',NULL,1,NULL),(65,'Wadih Mohamed Salahat','phones74x@gmail.com','$2b$10$blJZDOd15PQBvMM0fhA0A.eUgiNZYEYgTjdIVP5IMP.nwcZSTElRa',2,NULL,7681031,'Al Bara iPhone','{\"lat\":\"31.4206129\",\"lng\":\"34.3860939\"}',NULL,'avatar','cover','Video','description',NULL,1,NULL),(66,'Trad Saeed Abu Nasir','phones75x@gmail.com','$2b$10$cVqabxIrI9QQ/ky5mmVxy.BijdutG83Wyt08ihUpGuOEvU1aWPd1q',2,NULL,8628957,'Al Buraq','{\"lat\":\"31.40943547\",\"lng\":\"34.34677862\"}',NULL,'avatar','cover','Video','description',NULL,1,NULL),(67,'Mohammed Al-Jubairi','phones80x@gmail.com','$2b$10$edPEldhjXFAAhyaeJqmPjeTMn5eYllImkuZXMW3QM0/II7yp39/8W',2,NULL,0,'Al-Jubairi Communications _ Muhammad Al-Jubairi','{\"lat\":\"31.531099\",\"lng\":\"34.4498082\"}',NULL,'avatar','cover','Video','description',NULL,1,NULL),(68,'Rose ascetic','phones81x@gmail.com','$2b$10$odrwDOoRbeXhObE4ynuBoeLMnV2npPbXNKvtpFtf7Sq1J0W9qwYM6',2,NULL,567981222,'Al-Jazeera phone _ Muhammad Ismail Zuhd','{\"lat\":\"31.44885607\",\"lng\":\"34.39039507\"}',NULL,'avatar','cover','Video','description',NULL,1,NULL),(69,'Abdullah Rashwan','phones82x@gmail.com','$2b$10$BIlyI7l82pVdGNLfHpP8.eqv7ZHtBrbN6zyEWU8YekwhY4KSHqhye',2,NULL,8699718,'Al Hassan Exchange and Mobile Devices','{\"lat\":\"31.2840457\",\"lng\":\"34.2507142\"}',NULL,'avatar','cover','Video','description',NULL,1,NULL),(70,'Ahmed El Helou','phones84x@gmail.com','$2b$10$KfXbtDsyxN2ZazO4hlFJSOWxqr5RIjZE.vX8wUThAKAZ3QTDvWsn2',2,NULL,8653178,'Helo Telecom','{\"lat\":\"31.44825917\",\"lng\":\"34.39197023\"}',NULL,'avatar','cover','Video','description',NULL,1,NULL),(71,'Hossam El Helou','phones83x@gmail.com','$2b$10$M1Uv7nzPpRtfa0VSkJUMS./vGPbFBgV2aKsQrjm7Ty5M6fLqptLxS',2,NULL,8888046,'Sweet alo','{\"lat\":\"31.5174723\",\"lng\":\"34.4519641\"}',NULL,'avatar','cover','Video','description',NULL,1,NULL),(72,'Fatima Halouli','phones85x@gmail.com','$2b$10$cga29QIT1xDc5y.K/tILAu9yrfPLMmBTYPoR4KEjjIy2FmRBiuzkG',2,NULL,569444661,'IPhone solution','{\"lat\":\"31.4901218\",\"lng\":\"34.459594\"}',NULL,'avatar','cover','Video','description',NULL,1,NULL),(73,'Muhammad Al-Hamarneh','phones86x@gmail.com','$2b$10$t.WjPJoIxUZFwO/idn2k9.5bxtYQdM9nlf3q5Mufhr042siVAIGWa',2,NULL,7433399,'Al-Hamarneh Center _ Muhammad Al-Hamarneh','{\"lat\":\"31.2837172\",\"lng\":\"34.249601\"}',NULL,'avatar','cover','Video','description',NULL,1,NULL),(74,'Attia Muhammad Mahmoud Qeshta','phones87x@gmail.com','$2b$10$d0eMoylh2ojqXKc7.3V8Le7ZVNsNbvj0pCMV9j/NxLX9f8XD3sWXO',2,NULL,7866608,'Al-Hamad Telecom _ Attia Qeshta','{\"lat\":\"31.2760594\",\"lng\":\"34.2517574\"}',NULL,'avatar','cover','Video','description',NULL,1,NULL),(75,'Ahmed Ibrahim Mahmoud Al-Khatib','phones88x@gmail.com','$2b$10$7ZLyWRUyMtVPtl0JBam1m.7UDhNJfm8iyAn9R2nV0TRYYUGZwaJkS',2,NULL,8636114,'Khatib_Ahmed Al-Khatib','{\"lat\":\"31.5003077\",\"lng\":\"34.4373914\"}',NULL,'avatar','cover','Video','description',NULL,1,NULL),(76,'Hamouda Atef Hamouda Awad','phones89x@gmail.com','$2b$10$dJEPjXvrr/KVHojYCnFDiO0qVPyjJEecrpAJ5b77vKmlWhUlQtKbq',2,NULL,8749645,'Desouki iPhone','{\"lat\":\"31.536977\",\"lng\":\"34.468361\"}',NULL,'avatar','cover','Video','description',NULL,1,NULL),(77,'Shehta Mohammed Shehda Al-Dalu','phones90x@gmail.com','$2b$10$J9hFdkJNMD2y/QUwnZq2TO3KmUfz10kMfF5ReTE6rMvslz.A9PGpK',2,NULL,8606218,'Aquarius for Telecom and Internet','{\"lat\":\"31.5248412\",\"lng\":\"34.4692009\"}',NULL,'avatar','cover','Video','description',NULL,1,NULL),(78,'Demi iPhone','phones92x@gmail.com','$2b$10$XRC4Hq3YHfb2d.FhczPJK.45dhuxC8h5N/GArheckxE4DWS3unANC',2,NULL,568888344,'Al-Dimasy fon _Ahmed Al-Dimasy','{\"lat\":\"31.5303532\",\"lng\":\"34.4550826\"}',NULL,'avatar','cover','Video','description',NULL,1,NULL),(79,'Emad Abu Oweimer','phones91x@gmail.com','$2b$10$ITXMmTRDCB9Qbkc2ZhsNre2s2Mc9890psD3fQL4myZ.MIcKtF0xEy',2,NULL,7391922,'IPhone International','{\"lat\":\"31.4224766\",\"lng\":\"34.3825444\"}',NULL,'avatar','cover','Video','description',NULL,1,NULL),(80,'My wife','phones93x@gmail.com','$2b$10$05G4BT9jwpML7SBnPabnVuZpsf/md40s.DXjF2ynZQFJdoqF01w7e',2,NULL,8390418,'Refati Tech for the computer','{\"lat\":\"31.514981\",\"lng\":\"34.4690899\"}',NULL,'avatar','cover','Video','description',NULL,1,NULL),(81,'Ahmed Shaker Salman Rawa\'a','phones94x@gmail.com','$2b$10$vj/tIw8HtgIedUf3O5vv3eneFXVx8iwTRKgNS6XgihQrZrOilWQn.',2,NULL,8630347,'Al Rawagh Center for Communications - Ahmed Al Rawagh','{\"lat\":\"31.5254027\",\"lng\":\"34.4639958\"}',NULL,'avatar','cover','Video','description',NULL,1,NULL),(82,'Moataz Al-Zeraei','phones96x@gmail.com','$2b$10$3d7R3dNneFg/YQHrW2rCyOdbYdRiVPKIT.VR5y0EnOKyVqAlxhyOW',2,NULL,8785028,'Al-Zuraie','{\"lat\":\"31.41948005\",\"lng\":\"34.3473411\"}',NULL,'avatar','cover','Video','description',NULL,1,NULL),(83,'Omar Mohammed Mahmoud Al-Riyati','phones95x@gmail.com','$2b$10$NrKNlZ1wLW4d3qhQBSxKg.pPR4OPWzFVSE/x.mCtqQuQ37HcZW1Ge',2,NULL,567458880,'Al-Riyati Communications','{\"lat\":\"31.41783411\",\"lng\":\"34.35007095\"}',NULL,'avatar','cover','Video','description',NULL,1,NULL),(84,'Rashid Saad Eddin Rashid Al-Zaeem','phones98x@gmail.com','$2b$10$f86EFssz3CAfqI86xB4KaOeMuq.QGvBzGk2FDVyB0.3rwH2ZLYewm',2,NULL,568888054,'IPhone Telecom Leader','{\"lat\":\"31.4996892\",\"lng\":\"34.4391902\"}',NULL,'avatar','cover','Video','description',NULL,1,NULL),(85,'Ziad Al-Jaidi','phones99x@gmail.com','$2b$10$njR70lWlhzIGMSahRybaPezLzuNtz3suQ2dolHTf7ZeErU6IP3luS',2,NULL,8687521,'Al-Zaeem Communications _ Ziad Al-Jaidi','{\"lat\":\"31.2826507\",\"lng\":\"34.25216\"}',NULL,'avatar','cover','Video','description',NULL,1,NULL),(86,'Nahed Ahmed','phones100x@gmail.com','$2b$10$C0x94CzrW0D.NFy13zwilu4rjerVP.qmcqDrCK8YUKiLUWWyczbsi',2,NULL,8636778,'Al-Zaeem Telecom _ Nahedh Hameed','{\"lat\":\"31.5480926\",\"lng\":\"34.5007731\"}',NULL,'avatar','cover','Video','description',NULL,1,NULL),(87,'Abdul Rahman Numan Abdul Rahman Hamid','phones101x@gmail.com','$2b$10$owHCF78adayGkyumhzNnde.7FD6uCMvbY45rbp8VM/WVI0no0znLy',2,NULL,8712951,'Al-Zaeem Communications _ Noaman Hamid','{\"lat\":\"31.5328888\",\"lng\":\"34.4996153\"}',NULL,'avatar','cover','Video','description',NULL,1,NULL),(88,'Ramzi Ramadan Saeed Nofal','phones102x@gmail.com','$2b$10$oQy3.natWuZJTCUxVtgISek2J6LmTmSYjcM06orJ2o8Gw.21smB3G',2,NULL,8642837,'Al-Sarraj Ramzi Nofal','{\"lat\":\"31.4996193\",\"lng\":\"34.4550489\"}',NULL,'avatar','cover','Video','description',NULL,1,NULL),(89,'Mahmoud Hussein Subhi Al-Serhi','phones103x@gmail.com','$2b$10$G2J1IW827yTYVWPbrp8uMeSrV3vbVe.iXPl2Bsbun3f6KsipgWQKu',2,NULL,9444667,'Al Serahi Telecom','{\"lat\":\"31.5151815\",\"lng\":\"34.4661485\"}',NULL,'avatar','cover','Video','description',NULL,1,NULL),(90,'Nael Mohamed Hassan Youssef Al-Serhi','phones104x@gmail.com','$2b$10$skfbNOHU0Oe0cb.0UhEnAOACLSHh17pCU4a6yrV6RXxxQ7tCxOOXS',2,NULL,8765976,'Al-Sarrahi Mobiles','{\"lat\":\"31.4958772\",\"lng\":\"34.4565269\"}',NULL,'avatar','cover','Video','description',NULL,1,NULL),(91,'Hamid Farag Allah','phones105x@gmail.com','$2b$10$o2/hCmk2BS82HU2aatR49OxaG4nd63iYpNxGSk3zfwX/Id1qcxOUi',2,NULL,6000170,'Sultan_hamed Faraj Allah','{\"lat\":\"31.44898104\",\"lng\":\"34.39354761\"}',NULL,'avatar','cover','Video','description',NULL,1,NULL),(92,'Ammar Mustafa Al-Salloul','phones106x@gmail.com','$2b$10$iI7XcMX6/p/9sDrxi1C8VewgZSzvMGUxFVT1SuAlZSuowMYhlV6Vi',2,NULL,8667863,'Cellul Brothers','{\"lat\":\"31.44099579\",\"lng\":\"34.38256837\"}',NULL,'avatar','cover','Video','description',NULL,1,NULL),(93,'Amer Fathy Matbouli','phones108x@gmail.com','$2b$10$6Lho6RdJlID9DpIMo/tEfu42c6C40.pw81DgRWsjsWgdmr0MVGE4.',2,NULL,568880016,'Shojaeya Telecom','{\"lat\":\"31.4999588\",\"lng\":\"34.4705062\"}',NULL,'avatar','cover','Video','description',NULL,1,NULL),(94,'Hani Al-Shibli','phones107x@gmail.com','$2b$10$GQNO.xZ3f.kxhc2ZrWg/8OwHrqwsHUgd1H.v5Zi5990fAT//Cw01a',2,NULL,7281100,'Al Shibli Mobile','{\"lat\":\"31.4216959\",\"lng\":\"34.3835959\"}',NULL,'avatar','cover','Video','description',NULL,1,NULL),(95,'Hussein Muhammad Hosni Al-Sharafi','phones109x@gmail.com','$2b$10$Vb/fd9bIRcU57vtItTeUNeK4bSX.6i/YuH44mS0fJK1vnU/73ktlm',2,NULL,8888819,'Ash-Sharafi','{\"lat\":\"31.5327705\",\"lng\":\"34.4956603\"}',NULL,'avatar','cover','Video','description',NULL,1,NULL),(96,'Fadi Hassouneh','phones110x@gmail.com','$2b$10$5OV5Y9Gli5eDIR/6yDceX.G3EzvBj84udvTop.rmtAykWSQaBFifC',2,NULL,7900800,'Palestinian Company for Antennas_Fadi Hassouna','{\"lat\":\"31.5074697\",\"lng\":\"34.4377845\"}',NULL,'avatar','cover','Video','description',NULL,1,NULL),(97,'Mahmoud Abdul Majeed Al Sharif','phones111x@gmail.com','$2b$10$lRKVJORNZXY6ZQBzGS0Zc.IJqm9UgiODtvy2NMdbnR0amlDoOTYtW',2,NULL,8889488,'Sharif Telecom','{\"lat\":\"31.42473077\",\"lng\":\"34.33987716\"}',NULL,'avatar','cover','Video','description',NULL,1,NULL),(98,'Suhail Mohammed Hassan Shehadeh','phones112x@gmail.com','$2b$10$0oD2z4wH12br3q6AeKiOcOp85NoM1y8x.kU.V9HtSJtzZLPcoxd/6',2,NULL,599441030,'Shaima Fon_Suhail Shehadeh','{\"lat\":\"31.4922618\",\"lng\":\"34.456166\"}',NULL,'avatar','cover','Video','description',NULL,1,NULL),(99,'Jumaa Nabil Al-Sarafandi','phones113x@gmail.com','$2b$10$prCyegdoWrklB4k2HJW7KeM54Oapb8j23m0KV.tOK4dlM4EYr8Oea',2,NULL,7075070,'Sarafandi Mobile','{\"lat\":\"31.4486096\",\"lng\":\"34.39179769\"}',NULL,'avatar','cover','Video','description',NULL,1,NULL),(100,'Mahmoud Dahoudi','phones114x@gmail.com','$2b$10$OIbwN070s5B8vgLYmA/dVOYPEF8GV6xkx5YfiNnbTM7/oAOOJDh96',2,NULL,568888834,'Al-Zafer Mobile','{\"lat\":\"31.2841063\",\"lng\":\"34.2507681\"}',NULL,'avatar','cover','Video','description',NULL,1,NULL),(101,'Ahmed Omar Mohammed Al Madhoun','phones115x@gmail.com','$2b$10$gN1Du9v0Zl3oYzpDCXOGM.aViWXmJNNGtzzFbcE6YJX2lJ/7f3oTW',2,NULL,72268966,'Global Tech','{\"lat\":\"31.5323163\",\"lng\":\"34.468631\"}',NULL,'avatar','cover','Video','description',NULL,1,NULL),(102,'Alaa Mahmoud Ali Barhoum','phones116x@gmail.com','$2b$10$TdUY.R3a3CBpLU4V82/PJ.jrW6ouPOKaivJ1s4mgFeMoyJO3YXaL2',2,NULL,8888821,'Covenant Mobile','{\"lat\":\"31.2764921\",\"lng\":\"34.257334\"}',NULL,'avatar','cover','Video','description',NULL,1,NULL),(103,'Arabi','phones118x@gmail.com','$2b$10$k6VNaJ12bptvBVaqqDmK.eLMOInoHr1CeV4K40gB.RzlM1Dc1VFGu',2,NULL,7700131,'Al Arabi for electrical and cellular devices','{\"lat\":\"31.4929944\",\"lng\":\"34.4691931\"}',NULL,'avatar','cover','Video','description',NULL,1,NULL),(104,'Fadi Zoroub','phones119x@gmail.com','$2b$10$hixOW0An0FCzN8smT.H4G.MbOReLdD3oZIU0s5d0JDveg6qL9aXdC',2,NULL,8749449,'Al Areesh Telecom - Fadi Zoroub','{\"lat\":\"31.303301\",\"lng\":\"34.2386169\"}',NULL,'avatar','cover','Video','description',NULL,1,NULL),(105,'Ayman Mohammed Najeeb Al-Aklouk','phones120x@gmail.com','$2b$10$/3xd/j9Q6Ye2to7ob.oYZe19CWqu/vvMFe4VuP9/1F0lR7IlLhhVq',2,NULL,7275558,'Alaklouk Mobile','{\"lat\":\"31.5022984\",\"lng\":\"34.4650066\"}',NULL,'avatar','cover','Video','description',NULL,1,NULL),(106,'Ahmed Ibrahim Salim Al-Amrani','phones121x@gmail.com','$2b$10$geYyp7C3lebRFdDDXJeJrONGXRBj4pKkFKsiQgJjRND9B3jPy8Nd2',2,NULL,2780580,'Al-Omrani Telecom','{\"lat\":\"31.2847599\",\"lng\":\"34.2577135\"}',NULL,'avatar','cover','Video','description',NULL,1,NULL),(107,'Saeed Hamdan Deeb Al-Ghra','phones122x@gmail.com','$2b$10$ZWiMaL3nF1UW1sUlNHG4C.rPKMMz2hnN2zCy2d93dO6oowQZdEXKO',2,NULL,568611582,'Al-Ghurra Communications - Said Al-Ghurra','{\"lat\":\"31.5000111\",\"lng\":\"34.4381644\"}',NULL,'avatar','cover','Video','description',NULL,1,NULL),(108,'Jihad Al-Ghandour','phones123x@gmail.com','$2b$10$7FCAnovE0eJZyPl2t3Ye1uQ8N5tWzf9sxunhOByekrLv8s2jQkPE2',2,NULL,7670333,'Al-Ghandour, Jihad Al-Ghandour','{\"lat\":\"31.5349119\",\"lng\":\"34.4977707\"}',NULL,'avatar','cover','Video','description',NULL,1,NULL),(109,'Youssef Hamada','phones124x@gmail.com','$2b$10$2/Fw4ICdm8N6.ICjgOGrquvfR22hsDYmqQar.wJcgDVpikIXAk0sK',2,NULL,8667923,'Alpha Hamada','{\"lat\":\"31.5398248\",\"lng\":\"34.4648665\"}',NULL,'avatar','cover','Video','description',NULL,1,NULL),(110,'Faris Hassan Khalil Abu Daher','phones125x@gmail.com','$2b$10$p6Jh7BbHtgRE4K8HXshz1uTS9R10ZDqgWylidO3IAk1tYEXJIJ7jm',2,NULL,567444862,'Al Faris Telecom','{\"lat\":\"31.5327876\",\"lng\":\"34.4960167\"}',NULL,'avatar','cover','Video','description',NULL,1,NULL),(111,'Hassan Salah Hassan Abu Zahir','phones127x@gmail.com','$2b$10$V0Ls0MRdO0lNzAKOowz47.EHh0oXVUov8yYjnVFlvrDgVE56ZGeQG',2,NULL,8651731,'Al Forsan Telecom','{\"lat\":\"31.5364166\",\"lng\":\"34.5052727\"}',NULL,'avatar','cover','Video','description',NULL,1,NULL),(112,'Majdi Shafiq Khaled Ahmed Abu Shawish','phones129x@gmail.com','$2b$10$JfTC3THA47HR3qRza3g/TO7ozgdy5mPa838cEVlhJ0C6QUL4oDfgu',2,NULL,599732073,'Alma Telecom','{\"lat\":\"31.44211279\",\"lng\":\"34.38437448\"}',NULL,'avatar','cover','Video','description',NULL,1,NULL),(113,'Mazen Abu Salem','phones130x@gmail.com','$2b$10$61mlZ6ALtZceNPRNsWhKfOnduTHCfHRyhF90t5rM6/Sg9S6rRP1dW',2,NULL,8645748,'Al Mazen Communications','{\"lat\":\"31.5230093\",\"lng\":\"34.4601861\"}',NULL,'avatar','cover','Video','description',NULL,1,NULL),(114,'Bashir Muhammad Hassan Al-Shaqaqi','phones131x@gmail.com','$2b$10$PrMWHMVnzX5oYfEnhYKtrevCrLTJ7e3nWGnLTgh4Ea4ELpHYdPr8K',2,NULL,8636019,'Al Massa Telecom','{\"lat\":\"31.2830242\",\"lng\":\"34.2521464\"}',NULL,'avatar','cover','Video','description',NULL,1,NULL),(115,'Maher Ibrahim Mohammed Al-Za\'anin','phones132x@gmail.com','$2b$10$YU3VFtc1CPoHLQsVhGQMweLBbq3qrfhyJSzbBrKD3RNKqq5Y0Wcku',2,NULL,8274788,'Almasa for Computer and Communications','{\"lat\":\"31.5384337\",\"lng\":\"34.5372502\"}',NULL,'avatar','cover','Video','description',NULL,1,NULL),(116,'Muhammad Al-Shaer','phones133x@gmail.com','$2b$10$J6w/m2M2PjJUdaWHRrtYquawEgSf5j8mVtoI/ap20zR5d8z4PIKI.',2,NULL,8629752,'Diamond Mobile _ Muhammad Al-Shaer','{\"lat\":\"31.2789603\",\"lng\":\"34.2557406\"}',NULL,'avatar','cover','Video','description',NULL,1,NULL),(117,'Osama Mohammed','phones135x@gmail.com','$2b$10$uy52Bd39bzoJrZBLGHLt6.k0VNhqtY8xGhEHFNY5xv4fnyjfNtomK',2,NULL,8759621,'Al Madhoun Telecom','{\"lat\":\"31.5333577\",\"lng\":\"34.5005265\"}',NULL,'avatar','cover','Video','description',NULL,1,NULL),(118,'Ihab Sami Abdel Qader Club','phones136x@gmail.com','$2b$10$UVqSyK8nqJn8yJElUbAHmOCA7vVfwOT4kxzF3ifllBLpg2.xWHl.2',2,NULL,8761971,'Madhoun_Ehab Club','{\"lat\":\"31.4254156\",\"lng\":\"34.3406545\"}',NULL,'avatar','cover','Video','description',NULL,1,NULL),(119,'Hossam Emad Fayez Bseiso','phones138x@gmail.com','$2b$10$Z1RmgKQSys0R05xrFUjNQOCXVZnTj/PUCviWDTJJOIuIiC2HlTmdm',2,NULL,9175308,'Technical Center','{\"lat\":\"31.5039713\",\"lng\":\"34.4716321\"}',NULL,'avatar','cover','Video','description',NULL,1,NULL),(120,'Muhammad Al-Sheikh','phones139x@gmail.com','$2b$10$tqC7fnBSW.ocjExLg6i57OF6EUkmHRHkMccqkqjRRqb.E9.duhO8y',2,NULL,7310041,'Technical Center Sheikh','{\"lat\":\"31.5132647\",\"lng\":\"34.4592719\"}',NULL,'avatar','cover','Video','description',NULL,1,NULL),(121,'Omar Khattab','phones140x@gmail.com','$2b$10$UDBhUxnEc6PbkVY.Y6Xsze9pfgelH88n8fXub81H/poRI03USzJdW',2,NULL,8647529,'Palestinian Center - Omar Khattab','{\"lat\":\"31.44921433\",\"lng\":\"34.39106571\"}',NULL,'avatar','cover','Video','description',NULL,1,NULL),(122,'Maher Hussein Abdullah Karaz','phones141x@gmail.com','$2b$10$5FRrMIAKulXMqDmggoeLvu6TQPtYCSp8T.mELNl5qnYcczvsm7bia',2,NULL,568888156,'Al Marwan Center','{\"lat\":\"31.5299176\",\"lng\":\"34.4522773\"}',NULL,'avatar','cover','Video','description',NULL,1,NULL),(123,'Approved','phones142x@gmail.com','$2b$10$uf3kElvUgEiXQLA65g8xUe/1Nr5RkgrF9DojRai261espl6H1zpxu',2,NULL,598787870,'Approved','{\"lat\":\"31.5339561\",\"lng\":\"34.4618899\"}',NULL,'avatar','cover','Video','description',NULL,1,NULL),(124,'Mahmoud Mohammed Abdullah Al-Maqid','phones143x@gmail.com','$2b$10$c61n6QlkaW7UXzXgBxHKyurJUKQSDB2nAQ3eQznc7FV30asME4S1O',2,NULL,599016000,'Restricted electrical appliances','{\"lat\":\"31.5317442\",\"lng\":\"34.4985077\"}',NULL,'avatar','cover','Video','description',NULL,1,NULL),(125,'Musa Abu Omar','phones144x@gmail.com','$2b$10$aUFdouGY0F4V57mR5tJB/.t56E6Zwc6WdVYxgQMw5sodq8VDhGBYe',2,NULL,8713196,'Almoayyed Telecom_Moussa Abu Omra','{\"lat\":\"31.4117575\",\"lng\":\"34.3481509\"}',NULL,'avatar','cover','Video','description',NULL,1,NULL),(126,'Ali Abu Ghanima','phones145x@gmail.com','$2b$10$bEa6cp0QmwtFBGWsT46VGOPIXAyWWQAwMEn9NUW4sFq.2oEeY5b6a',2,NULL,8629594,'Miral - Alaa Abu Ghanima','{\"lat\":\"31.4970709\",\"lng\":\"34.4706321\"}',NULL,'avatar','cover','Video','description',NULL,1,NULL),(127,'Rasim Mahmoud Al-Nashar','phones146x@gmail.com','$2b$10$GqH3je8IWtHz3zgaOtZ5G.Fmdcpr6AnJknZI7cB2lqFTTmDsyCOn2',2,NULL,567760060,'Saw Mobile','{\"lat\":\"31.5111605\",\"lng\":\"34.4474175\"}',NULL,'avatar','cover','Video','description',NULL,1,NULL),(128,'Maher Moussa Al-Nuazi','phones147x@gmail.com','$2b$10$Xbxgbu8fzRbrQX9T0z5cKumiPFmQpP50Q8vcDco0TDeE2fWytzZ7y',2,NULL,598410202,'Al-Nuaizi Telecom and Perfumes _ Maher Al-Nuaizy','{\"lat\":\"31.5031907\",\"lng\":\"34.4670137\"}',NULL,'avatar','cover','Video','description',NULL,1,NULL),(129,'Mohammed Hassan Judeh','phones148x@gmail.com','$2b$10$0jLKjWlw.PZoh9bxgBbl7e4RiLzepo1fd6D1POU0rbaeToILrIq6W',2,NULL,567010166,'IPhone Light','{\"lat\":\"31.5310833\",\"lng\":\"34.4427468\"}',NULL,'avatar','cover','Video','description',NULL,1,NULL),(130,'Hassan Mahmoud Abu Al-Qaraya','phones149x@gmail.com','$2b$10$2CSrqaFsIMvrYC2RvaGhb.7MjoPhDm7MHq4CMOFegmTDnSrtUKlhi',2,NULL,599625405,'Computer Engineering and Alternative Energy','{\"lat\":\"31.5023195\",\"lng\":\"34.4724098\"}',NULL,'avatar','cover','Video','description',NULL,1,NULL),(131,'Haitham Al Shawa','phones150x@gmail.com','$2b$10$CTB6aIlYBB8qVsVCtlY54.h7oLndbhMioYumWdhK9QV.Nw2/FZujm',2,NULL,8721986,'Al Haytham Communications','{\"lat\":\"31.5193283\",\"lng\":\"34.4377962\"}',NULL,'avatar','cover','Video','description',NULL,1,NULL),(132,'Mahmoud Al-Wahidi','phones151x@gmail.com','$2b$10$lUtobwuqhsG6f3ratPrBMuW3dUn4mHGCPI4KXnBGxGlsPYf.nZtn.',2,NULL,8880558,'The only iPhone','{\"lat\":\"31.5346953\",\"lng\":\"34.4981517\"}',NULL,'avatar','cover','Video','description',NULL,1,NULL),(133,'Emad Khalil Hussein Al-Wawi','phones152x@gmail.com','$2b$10$lnPvAgMpiKF.7MMPktVEZuz6nzLBhxTpOkd91CVzkA0xYYX3WR/1K',2,NULL,567908041,'Alwaset Mobile','{\"lat\":\"31.4475308\",\"lng\":\"34.3926322\"}',NULL,'avatar','cover','Video','description',NULL,1,NULL),(134,'National iPhone','phones153x@gmail.com','$2b$10$aw.E5av1ggqUqXBeiK9zruoB2gb0DDnQwUR2j6gusO2mc1VDAiyYW',2,NULL,592702402,'National iPhone','{\"lat\":\"31.4968792\",\"lng\":\"34.4696701\"}',NULL,'avatar','cover','Video','description',NULL,1,NULL),(135,'Walid Ahmed Rushdi Abu Sido','phones154x@gmail.com','$2b$10$hTU86AnOIBJzkJyn9Ie1WePdfNxT9AMj5f9C3izCe5AdkdX0LzUDy',2,NULL,7092947,'Al-Walid Communications - Walid Abu Sido','{\"lat\":\"31.5297455\",\"lng\":\"34.4633155\"}',NULL,'avatar','cover','Video','description',NULL,1,NULL),(136,'Haitham Kamal Al-Yazji','phones156x@gmail.com','$2b$10$Aan6w5U.cYMy1XS8TfbIeOJ4e3eHAGLwFpLSgbZmd6Z3btKjM9cta',2,NULL,8888406,'El Yazji Phone','{\"lat\":\"31.53357\",\"lng\":\"34.458829\"}',NULL,'avatar','cover','Video','description',NULL,1,NULL),(137,'Ibrahim Abdel Fattah Rashid Al Yazji','phones157x@gmail.com','$2b$10$m.NoHM93AusquzN25.AiJ.fKhCRLXQbjVHUgb6jym0h7a2VXsZnX2',2,NULL,8667652,'Al Yazji Telecom _ Ibrahim Al Yazji','{\"lat\":\"31.5382704\",\"lng\":\"34.5374779\"}',NULL,'avatar','cover','Video','description',NULL,1,NULL),(138,'Mahmoud Nashwan','phones159x@gmail.com','$2b$10$vIBnJ8feK4vflBTXJOg4mufRdBkOH7fV08At7lzu6ldkZWYW6mFmm',2,NULL,568389253,'Anas Telecom _ Mahmoud Nashwan','{\"lat\":\"31.5372383\",\"lng\":\"34.4644848\"}',NULL,'avatar','cover','Video','description',NULL,1,NULL),(139,'Tamer Jihad Daher','phones160x@gmail.com','$2b$10$XE8iqC7QJB0E3NvtpdHlmeZ4QG7cWZpdFjjWq9Su5Uo4ycfnSeOXe',2,NULL,568287679,'Hi Watania - Tamer','{\"lat\":\"31.5384182\",\"lng\":\"34.5021027\"}',NULL,'avatar','cover','Video','description',NULL,1,NULL),(140,'Samer Jihad Abu Hashem','phones161x@gmail.com','$2b$10$uiSJDNBj.MVZED239GGF3e7Ro9kymMnyWHgVCPWG/11sDv77EjXyi',2,NULL,8643134,'Orange - Samer Abu Hashem','{\"lat\":\"31.537215\",\"lng\":\"34.462231\"}',NULL,'avatar','cover','Video','description',NULL,1,NULL),(141,'Nasr Adnan Abdul Hamid Badr','phones162x@gmail.com','$2b$10$pSFQff2EhDBXFS0kTHMRr.HZI6fYjKR2ZHopy6oFu/Vdw0mtk1wbO',2,NULL,599352698,'online','{\"lat\":\"31.5357423\",\"lng\":\"34.4897322\"}',NULL,'avatar','cover','Video','description',NULL,1,NULL),(142,'Mamoun Agha','phones165x@gmail.com','$2b$10$aliK25OVjwLwAuxuXBdhcetMXK9qlBCE9SAf0jhs9fX1P0WjnHQti',2,NULL,569444733,'Paris Telecom','{\"lat\":\"31.320259\",\"lng\":\"34.3153752\"}',NULL,'avatar','cover','Video','description',NULL,1,NULL),(143,'Sherif Qandil','phones167x@gmail.com','$2b$10$mPxpFDnV5qqmkov1ZCexlOnvN87/0yl/j/OMf8u8FMSols8D/V2QW',2,NULL,8654814,'Baniyas - Sherif Qandil','{\"lat\":\"31.5343309\",\"lng\":\"34.4539353\"}',NULL,'avatar','cover','Video','description',NULL,1,NULL),(144,'Ali Fayez Hassan Badran','phones168x@gmail.com','$2b$10$.yVYi.nOdqfjfBMhk89wbuhjn0PeQSKBNt2KsdZumvAwwaXPE5kwm',2,NULL,7783347,'Badran iPhone','{\"lat\":\"31.5466322\",\"lng\":\"34.4758451\"}',NULL,'avatar','cover','Video','description',NULL,1,NULL),(145,'Fadi Al-Agha','phones170x@gmail.com','$2b$10$d1sMI03RLUMWoxKTImQy9ujLowDjnpJM8tvtxn5LWQQJaIaOt92S2',2,NULL,8749858,'Communications Plaza','{\"lat\":\"31.3146052\",\"lng\":\"34.3160344\"}',NULL,'avatar','cover','Video','description',NULL,1,NULL),(146,'Mahmoud Mohamed Mohamed Bahloul','phones171x@gmail.com','$2b$10$o3Eu1yvMM3fgpqQo4v5rCeaVSG5Efjg4mM19ShszRq4qy4JsR9qyW',2,NULL,7900922,'Bahloul Telecom','{\"lat\":\"31.5295773\",\"lng\":\"34.4743747\"}',NULL,'avatar','cover','Video','description',NULL,1,NULL),(147,'Swirky Manifest','phones172x@gmail.com','$2b$10$KDsTJ/Hr7/waepH1q87T0.Uf48i3I8rWQJDbINkGZ3tPMbu8Zd24O',2,NULL,568888205,'Bianco Fon_Swirki statement','{\"lat\":\"31.5003651\",\"lng\":\"34.474804\"}',NULL,'avatar','cover','Video','description',NULL,1,NULL),(148,'Naji Zakaria Ali Radwan','phones173x@gmail.com','$2b$10$0dfVSIAJVUTE0rZu8qfFO.3GD1sS0CakCdYxp6GGb5izC6M77HAL6',2,NULL,599405954,'Beach Communications','{\"lat\":\"31.5306093\",\"lng\":\"34.453023\"}',NULL,'avatar','cover','Video','description',NULL,1,NULL),(149,'Fadi Abu Armana','phones174x@gmail.com','$2b$10$eBOua14VSjIzY2S2IM2/7.JuTjMjA8Tyil43ExsZPXaktkC9JfDJm',2,NULL,8888824,'Nissan','{\"lat\":\"31.2785504\",\"lng\":\"34.2558397\"}',NULL,'avatar','cover','Video','description',NULL,1,NULL),(150,'Ibrahim Saadi Hassan Zaanin','phones175x@gmail.com','$2b$10$BslRA/wxV7.JiQbT/pNZ3uLzC.rYg5u.8y4qIfiNGoOZEwZpNOUeC',2,NULL,8131614,'Techno Smart','{\"lat\":\"31.5382203\",\"lng\":\"34.5371857\"}',NULL,'avatar','cover','Video','description',NULL,1,NULL),(151,'Abdulrahman Hamid','phones177x@gmail.com','$2b$10$Gbp.KA6Ii8Js5s8TAwP4i.BGR9LsHHtOnwutPgRXGW3JFlc27v7M.',2,NULL,8645066,'TechnoCity_Abdulrahman Hamid','{\"lat\":\"31.5333298\",\"lng\":\"34.5006586\"}',NULL,'avatar','cover','Video','description',NULL,1,NULL),(152,'Ziad Azzam','phones178x@gmail.com','$2b$10$bG7vJVSXaALzYu5XOArQJerTxZjy9jzOy6ZKHzr5yMyxnX39ta8FG',2,NULL,8651427,'Tim Vaughn_Ziad Azzam','{\"lat\":\"31.5337141\",\"lng\":\"34.4685283\"}',NULL,'avatar','cover','Video','description',NULL,1,NULL),(153,'Numan Abed','phones179x@gmail.com','$2b$10$dJ82BEDoEtjZwqxu/a1qOe6ehMPNlndBoquBgOVBw1t9Vmpq1x.ky',2,NULL,8576920,'Galaxy iPhone','{\"lat\":\"31.42099121\",\"lng\":\"34.38480804\"}',NULL,'avatar','cover','Video','description',NULL,1,NULL),(154,'Ramzi Saeed Mahmoud Saadeh','phones180x@gmail.com','$2b$10$XIW9h2U4KCfZV7YFjORAe.02n9g9veEg.RcJDF/.99HutXI51DiX2',2,NULL,8601711,'Galaxy Phone - Ramzy Saadeh','{\"lat\":\"31.2806974\",\"lng\":\"34.2540655\"}',NULL,'avatar','cover','Video','description',NULL,1,NULL),(155,'Ahmed Helles','phones181x@gmail.com','$2b$10$brOY68xtTlKGBU4yoWnYQOk0dYzrnJdZjmrwPev878EcB/c9tIsDC',2,NULL,568626772,'Galaxy Communications_ Mamdouh Lulu','{\"lat\":\"31.5013197\",\"lng\":\"34.4691111\"}',NULL,'avatar','cover','Video','description',NULL,1,NULL),(156,'Abdul Rahman Abu Al-Qara','phones182x@gmail.com','$2b$10$zjsreGUt97M0IyjirwdVlO2BKBU3knmcaFPkUx.p9HffNjCUgerLm',2,NULL,8633732,'Jaafar von Abd Al-Rahman Abu Al-Qara','{\"lat\":\"31.529546\",\"lng\":\"34.4742501\"}',NULL,'avatar','cover','Video','description',NULL,1,NULL),(157,'Ahmed Jamil Abu Cel','phones183x@gmail.com','$2b$10$dHTo6vgT08btc5ElkL6Ke.zZKi9YWQ93iX42dGn57QhygFxgP0Utu',2,NULL,8889111,'Galaxy Phone - Ahmed Jamil Abu Cel','{\"lat\":\"31.43860239\",\"lng\":\"34.40264664\"}',NULL,'avatar','cover','Video','description',NULL,1,NULL),(158,'Ahmed Abu Abdullah','phones184x@gmail.com','$2b$10$PyhbY.1/WB5XgGPnTz.5zeC7/./jPGCs5ioBaf.9Ax0KbkJxUPUH.',2,NULL,8636572,'Global Star _ Ahmed Abu Abdullah','{\"lat\":\"31.5068408\",\"lng\":\"34.4553027\"}',NULL,'avatar','cover','Video','description',NULL,1,NULL),(159,'Jihad Farid Harb','phones185x@gmail.com','$2b$10$56veklNSk1Vr7.WHiKP3QuEUbEKVEN1jj0cbuZXrcBjwoprwQmC8u',2,NULL,599636907,'Fon Jihad - Farid Harb Jihad','{\"lat\":\"31.41622636\",\"lng\":\"34.34945603\"}',NULL,'avatar','cover','Video','description',NULL,1,NULL),(160,'Muhammad Nasir Lulu','phones186x@gmail.com','$2b$10$GKFzdhtaHOZCKO/KGNpK1.pRWDP1MG8p0az/PpwkqBZy.tDC70.EK',2,NULL,8966118,'Beirut mobiles','{\"lat\":\"31.5073994\",\"lng\":\"34.463696\"}',NULL,'avatar','cover','Video','description',NULL,1,NULL),(161,'bay','phones187x@gmail.com','$2b$10$RQ3IpbiNul8zIQwrw2d8KeaPDGNjxpEEhX8OQW7h1V5adrvBPKgfe',2,NULL,8635122,'Golden Mobile','{\"lat\":\"31.4965984\",\"lng\":\"34.4818451\"}',NULL,'avatar','cover','Video','description',NULL,1,NULL),(162,'Golden Mobile','phones188x@gmail.com','$2b$10$T72HmURzYu0dfmo.gDo7M.t0IrnRBt5pZY1uQ9RJNTmWt60ez9Cg2',2,NULL,59413513,'Golden Mobile - Hussam Al-Buhaisi','{\"lat\":\"31.5098479\",\"lng\":\"34.4382567\"}',NULL,'avatar','cover','Video','description',NULL,1,NULL),(163,'Ismail Mohammed Mahmoud Abu al-Ush','phones189x@gmail.com','$2b$10$CodfHdRZG9Bod2rDzkJzHe8jzjMl2HS5grwhSmHk9ZrUItcnXQq3K',2,NULL,7892021,'Gigabyte _ Ismail Abu Al-Eish','{\"lat\":\"31.5344307\",\"lng\":\"34.4987315\"}',NULL,'avatar','cover','Video','description',NULL,1,NULL),(164,'Mohamed Ziad Hegazy','phones190x@gmail.com','$2b$10$kWsSfE0C3TSesA13yopFeeSyiiwrgud4fLc8bpiH3EEFHsGAt9DiC',2,NULL,568620544,'Hijazi','{\"lat\":\"31.4202872\",\"lng\":\"34.34608301\"}',NULL,'avatar','cover','Video','description',NULL,1,NULL),(165,'Akram Rashad Harz Allah','phones191x@gmail.com','$2b$10$Zn3r.A6.3QUFBC3Bww1H6eAdNYzJNwn/I8kJBBhHluJ0GFA2fRH36',2,NULL,599333713,'Hazz Allah Communications','{\"lat\":\"31.5166365\",\"lng\":\"34.453561\"}',NULL,'avatar','cover','Video','description',NULL,1,NULL),(166,'Kamal Muhammad Kamel Herzallah','phones193x@gmail.com','$2b$10$7VnfRuwLo25wfFler2uEAu0saRu./UVy41LNeHtc2SPso3sBhBNeG',2,NULL,9760666,'Harz Allah Exchange','{\"lat\":\"31.5169834\",\"lng\":\"34.4520802\"}',NULL,'avatar','cover','Video','description',NULL,1,NULL),(167,'Asad Harz Allah','phones192x@gmail.com','$2b$10$aKJSbwrNpbJKOg4PnZsMrevcxGHEOjWe2yL9M84RvZAIJMioUH3SC',2,NULL,59332217,'Harz Allah Exchange','{\"lat\":\"31.5274641\",\"lng\":\"34.4547121\"}',NULL,'avatar','cover','Video','description',NULL,1,NULL),(168,'Suhaib Kamal Harzallah','phones195x@gmail.com','$2b$10$Lo4LR8n6V3wWdPZd7H94huIU3Bp9XFEIcaA4eZ0oubdTICxZdSt3y',2,NULL,599036808,'Harz Allah Exchange _ Kamal Harz Allah','{\"lat\":\"31.5136223\",\"lng\":\"34.4435383\"}',NULL,'avatar','cover','Video','description',NULL,1,NULL),(169,'Hussam Khader Kamal Dawima','phones196x@gmail.com','$2b$10$uhjpWYp4mguRcFvDcxUNEO9d.88vYUp3ZT732I/rx.x9XyQ5QPtmG',2,NULL,569444772,'Hussam Vaughn','{\"lat\":\"31.534022\",\"lng\":\"34.4466959\"}',NULL,'avatar','cover','Video','description',NULL,1,NULL),(170,'Hussam Zuhair Ashour Ashour','phones197x@gmail.com','$2b$10$U2curFTou8NH7zOmY1OiAuy2fjufaDNf.4NDJH9VO1TW7RvE2CiK2',2,NULL,567681623,'Hussam iPhone for mobile devices','{\"lat\":\"31.3369019\",\"lng\":\"34.3100355\"}',NULL,'avatar','cover','Video','description',NULL,1,NULL),(171,'Ahmed Hasasneh','restaurant1x@gmail.com','$2b$10$W0I3uFm4OKaIRSMoW5QIu.t2gQS17AKpc6v1NS.6YTN5f2wCLpEv.',2,NULL,8648569,'Hassoun Telecom_Ahmed Alhassena','{\"lat\":\"31.5016736\",\"lng\":\"34.4813596\"}',NULL,'avatar','cover','Video','description',NULL,3,NULL),(172,'Mahmoud Al-Abed Abu Amer','restaurant2x@gmail.com','$2b$10$AC/LddJJBO0T3Q3/1dcTh.YgchwgbyxrrWM295Uj3hUulI4vV/3Be',2,NULL,8664146,'Eastern civilization - Mahmoud Abu Amer','{\"lat\":\"31.3227088\",\"lng\":\"34.3471641\"}',NULL,'avatar','cover','Video','description',NULL,3,NULL),(173,'Anas Ibrahim Mohammed Abu Musameh','restaurant4x@gmail.com','$2b$10$BMzpabIRNGS0mLJVmRxqLO9XJRDUYSfmQxVPhQlX3F2P.ifcz8a6W',2,NULL,8659984,'Hala Fon_Ibrahim Abu Musameh','{\"lat\":\"31.4946077\",\"lng\":\"34.4472399\"}',NULL,'avatar','cover','Video','description',NULL,3,NULL),(174,'Ezz El Din Abu Odeh','restaurant5x@gmail.com','$2b$10$q/w1RqY6eaajh9V18DDO2.68DS3whldpYSCBoI3cA8DL2t2K02lq6',2,NULL,7792777,'Fon Hala Ezz Eddin Abu Odeh','{\"lat\":\"31.53162\",\"lng\":\"34.4484116\"}',NULL,'avatar','cover','Video','description',NULL,3,NULL),(175,'Muhammad Salim Hammad','restaurant6x@gmail.com','$2b$10$trv6o9CfhLzhrBNdKQ3g9OlHmIp8dLBpkF69qHsQsqV9Az9YIcqDy',2,NULL,8774347,'Hammad Vaughn','{\"lat\":\"31.44227413\",\"lng\":\"34.38494338\"}',NULL,'avatar','cover','Video','description',NULL,3,NULL),(176,'Muhammad Saher Bashir','restaurant9x@gmail.com','$2b$10$eCBXHvQf36/6PLaW5fPCXeE9xc/OAKYk9U81bJkqFEAx/cYRDPx26',2,NULL,8889288,'Hamada iPhone','{\"lat\":\"31.41821503\",\"lng\":\"34.34872744\"}',NULL,'avatar','cover','Video','description',NULL,3,NULL),(177,'Muhammad Majid Muhammad Ali Hamada','restaurant10x@gmail.com','$2b$10$S2o9CvxBSj2IIqm8aWyxS..XFVGhtkjbAs3suMLQNe.W07rYGt2J2',2,NULL,7820665,'Hamada iPhone','{\"lat\":\"31.5122166\",\"lng\":\"34.4687593\"}',NULL,'avatar','cover','Video','description',NULL,3,NULL),(178,'Bashar Hamouda Saleh Hamadeh','restaurant11x@gmail.com','$2b$10$85jyNSDg39lU.7ia1emriOfrGcYpLLSQ6MO9BI/0i0mZPuymLNpXi',2,NULL,9778322,'Hamada Petroleum','{\"lat\":\"31.5108696\",\"lng\":\"34.4349508\"}',NULL,'avatar','cover','Video','description',NULL,3,NULL),(179,'Mohamed Mounir Ahmed Mahmoud','restaurant12x@gmail.com','$2b$10$Gy5Mi1SUm5G/DfeCGkU3eu3wWHd68z38ED3mS3x7xuWRx1EjBWQG6',2,NULL,8609967,'Hamza','{\"lat\":\"31.4560187\",\"lng\":\"34.39122028\"}',NULL,'avatar','cover','Video','description',NULL,3,NULL),(180,'Rami Musa Abu Musa','restaurant13x@gmail.com','$2b$10$BY4DkSJDMk.okdKaIH/Ngej4NUUoam/RiYuy25UEGX2.IXM/vfJh6',2,NULL,5805502,'Hamza for electrical appliances and mobiles','{\"lat\":\"31.3024565\",\"lng\":\"34.3186449\"}',NULL,'avatar','cover','Video','description',NULL,3,NULL),(181,'Muhammad Nabil Muhammad Al-Maghari','restaurant14x@gmail.com','$2b$10$9Z/Y7BZ8wZ/UHYztGCOgM.49vJaF4oxrAX21DCaG8DN.44/BLpk9u',2,NULL,599064343,'Hamza Mobile','{\"lat\":\"31.42204046\",\"lng\":\"34.3830056\"}',NULL,'avatar','cover','Video','description',NULL,3,NULL),(182,'Mohammed Abdul Karim Hammouda','restaurant16x@gmail.com','$2b$10$9QKrvs9NYiYnm8ANWZrR0e65Q13HgDdGurGcFY0Iby61FMd0SNq9i',2,NULL,8757636,'Hammouda Exchange_Mohammed Hammouda','{\"lat\":\"31.5068972\",\"lng\":\"34.4309525\"}',NULL,'avatar','cover','Video','description',NULL,3,NULL),(183,'Khaled Adnan Saleh Musleh','restaurant17x@gmail.com','$2b$10$Ocj6fIhGoC9IC.tdGNmMGOHr6OLmKL14oBEg/mhPhi0QnEPSlaKxu',2,NULL,8684165,'Khaled Vaughn','{\"lat\":\"31.42075702\",\"lng\":\"34.38532197\"}',NULL,'avatar','cover','Video','description',NULL,3,NULL),(184,'Mutasim Billah Aqilan','restaurant18x@gmail.com','$2b$10$ohVnrjmjknhrrfOAEYActOVxnnVQtjti3l.H4KQZVmclaTBClzCpq',2,NULL,7414447,'Money Exchange House','{\"lat\":\"31.5314329\",\"lng\":\"34.4446197\"}',NULL,'avatar','cover','Video','description',NULL,3,NULL),(185,'Mohamed Ibrahim Mohamed Harb','restaurant19x@gmail.com','$2b$10$ICR6T.nA4rAPFiYRbqQEiuC62Vo3pHoYbk/ruLesC4QrxuWgjxnce',2,NULL,8624297,'Dark blue','{\"lat\":\"31.5021752\",\"lng\":\"34.4680492\"}',NULL,'avatar','cover','Video','description',NULL,3,NULL),(186,'Hassan Mohammed Qandil Qandil','restaurant20x@gmail.com','$2b$10$QPdY/AO4Xe8E1QRQsCNvzeYZkpRs5AzPcwdjpVvONmNtDR57/8u5m',2,NULL,599480327,'Dream Center','{\"lat\":\"31.310238\",\"lng\":\"34.2415651\"}',NULL,'avatar','cover','Video','description',NULL,3,NULL),(187,'Khaled Youssef Hussein Dakka','restaurant21x@gmail.com','$2b$10$5xD1fAE/63s.tnzBudJtNuK3zc6pTO.NpEfFXABpipx6mBw7wD/Lm',2,NULL,8746122,'Dakah Communications _ Khaled Dakka','{\"lat\":\"31.5248984\",\"lng\":\"34.4895197\"}',NULL,'avatar','cover','Video','description',NULL,3,NULL),(188,'Mohammed Mesbah Deeb Dalloul','restaurant22x@gmail.com','$2b$10$MeOYJlNhZyp/mkKk9TAzoeOJmQ1Gldk7e67Ec65.dexDaJe4heDci',2,NULL,9377903,'Dallol Tech','{\"lat\":\"31.4993284\",\"lng\":\"34.454918\"}',NULL,'avatar','cover','Video','description',NULL,3,NULL),(189,'Mahmoud Abdel Majeed Mahmoud Younis','restaurant24x@gmail.com','$2b$10$legARiLQZtuN6blKKcMVSexrP10JU8gg/nAMH6EaAtADgyV0pSgJO',2,NULL,568629846,'Donia Telecom_ Mahmoud Younis','{\"lat\":\"31.3074915\",\"lng\":\"34.2445078\"}',NULL,'avatar','cover','Video','description',NULL,3,NULL),(190,'Dallol iPhone','restaurant23x@gmail.com','$2b$10$nYqT4KyzIhhMJxm1lE8Bqe45dV4XsGN7Ld6dXu598h1h82VemHh8G',2,NULL,567822272,'Dallol iPhone','{\"lat\":\"31.5080854\",\"lng\":\"34.4310305\"}',NULL,'avatar','cover','Video','description',NULL,3,NULL),(191,'Muhammed Bashir Khidr Dhiz','restaurant25x@gmail.com','$2b$10$3bDL6WkEqFkOnPcrs4IkWuUHkDEVSvXyfKhhv/jP/.8VxQiNXTJ8C',2,NULL,7077660,'Vestibule Mobile','{\"lat\":\"31.3016772\",\"lng\":\"34.2501858\"}',NULL,'avatar','cover','Video','description',NULL,3,NULL),(192,'Digital House','restaurant26x@gmail.com','$2b$10$EDD/RG.Ukbbq930v/vaFQ.7rqeaMmZNCCl.3dsMtKbe88cP9XpJdG',2,NULL,568408061,'Digital House','{\"lat\":\"31.5391065\",\"lng\":\"34.4967422\"}',NULL,'avatar','cover','Video','description',NULL,3,NULL),(193,'Mohammed Salem Abdul Rahman Abu Tawaheen','restaurant27x@gmail.com','$2b$10$/RRRqoiqvGcw.dOiyrteau11b4yarSn5K89Fh9bel4x9RstGp6c4u',2,NULL,9444557,'Dirna','{\"lat\":\"31.41838819\",\"lng\":\"34.35177372\"}',NULL,'avatar','cover','Video','description',NULL,3,NULL),(194,'Ramez Abu Salim','restaurant28x@gmail.com','$2b$10$sNxBPzwu4/blxV4LPE0H5.rP0Fp7FdurFO.74Gof3aM3.QaFpgRty',2,NULL,599771698,'Dima Vaughn','{\"lat\":\"31.42051361\",\"lng\":\"34.346219\"}',NULL,'avatar','cover','Video','description',NULL,3,NULL),(195,'Ramy Lafi','restaurant29x@gmail.com','$2b$10$bvnunmei2ENa81LphCEDUOqUqSoTVRr/Dyf6acRr.J4H8qP96JkjK',2,NULL,9444699,'Ramy Mobile','{\"lat\":\"31.5126935\",\"lng\":\"34.473808\"}',NULL,'avatar','cover','Video','description',NULL,3,NULL),(196,'Nael Ahed Ahmed Al-Ashi','restaurant30x@gmail.com','$2b$10$3otjNlbxHKwk0fkVzJUfyeiWMeVyjmDCl45PG.6H20CC4H0jicx9G',2,NULL,8646278,'Ringen Communications - Nayel Al Ashi','{\"lat\":\"31.5215933\",\"lng\":\"34.4612576\"}',NULL,'avatar','cover','Video','description',NULL,3,NULL),(197,'Mohammed Nabil Sheikh','restaurant31x@gmail.com','$2b$10$XVLyz63qLs.cA4EEwcSZfu0YZ70RsSzu4vRI6zy1XRnElMyLH1Uey',2,NULL,2609697,'Rowan for computers and mobiles','{\"lat\":\"31.5362232\",\"lng\":\"34.4616317\"}',NULL,'avatar','cover','Video','description',NULL,3,NULL),(198,'Haitham Mohiuddin Fayyad','restaurant33x@gmail.com','$2b$10$chEK/Vmmcn9js.BpDp1JGO68rslnB7l5zqtInlfI0f1ZN.ww5wK7a',2,NULL,568729005,'Real Service - Haitham Fayyad','{\"lat\":\"31.5154839\",\"lng\":\"34.4539699\"}',NULL,'avatar','cover','Video','description',NULL,3,NULL),(199,'Misbah Ali Misbah Al Hindi','restaurant32x@gmail.com','$2b$10$Ccum1NVxvBS2dLi1wBv/3eIl01dMHGGUEIg/PY4LzCzswpXcZrLhe',2,NULL,8741097,'Real IT','{\"lat\":\"31.540043\",\"lng\":\"34.5003074\"}',NULL,'avatar','cover','Video','description',NULL,3,NULL),(200,'Bilal Zuhair Slot','restaurant34x@gmail.com','$2b$10$1ARtm9yeNP0.vHE06TmE7.u7ExBDqQTb2chgzzThcwx0PfLJwjp52',2,NULL,7754090,'Retaj iPhone','{\"lat\":\"31.3419094\",\"lng\":\"34.3255055\"}',NULL,'avatar','cover','Video','description',NULL,3,NULL),(201,'Hikmat Majid Hikmat Sultan','restaurant35x@gmail.com','$2b$10$Xt/iYnnC3ei8TLTaoyEoCehAyj3EH813bNG72twdXyzaxXcgYJ7ja',2,NULL,8977194,'Rayfoun Store_Hikmat Sultan','{\"lat\":\"31.5298666\",\"lng\":\"34.4688713\"}',NULL,'avatar','cover','Video','description',NULL,3,NULL),(202,'Mohammed Abdul Rahman Zaqout','restaurant37x@gmail.com','$2b$10$PQyydXBppbwbQHdyFdgN.e.2S0SqWFqNZ/iqJklBRzrXA6d2/hs2O',2,NULL,7718876,'Zaqout Al-Bureij','{\"lat\":\"31.44136281\",\"lng\":\"34.40431627\"}',NULL,'avatar','cover','Video','description',NULL,3,NULL),(203,'Mahmoud Zaqout','restaurant38x@gmail.com','$2b$10$DTQY5frW8Wu26uV2Y7dBJeyRcDIb2oDhfafZUeYEIVGESGEmeRNs6',2,NULL,598337883,'Zaqout fon_mahmoud Zaqout','{\"lat\":\"31.5304985\",\"lng\":\"34.4438521\"}',NULL,'avatar','cover','Video','description',NULL,3,NULL),(204,'Mohammed Al-Zahharna','restaurant39x@gmail.com','$2b$10$jk9WFR6Lff7oCwNutnG5Wubcx1vCLUqeeea5gghoejUz9P8fONcRG',2,NULL,8742611,'Zero One_Muhammad Al-Zaharna','{\"lat\":\"31.5108243\",\"lng\":\"34.4587826\"}',NULL,'avatar','cover','Video','description',NULL,3,NULL),(205,'Ibrahim Fayek Zain El Din','restaurant40x@gmail.com','$2b$10$gJG9EUJXQJS0.w/vf3ztn./3JGgOOsg3fRtqKYjWHGeHFynPfyV7e',2,NULL,7654515,'Zen iPhone','{\"lat\":\"31.5132802\",\"lng\":\"34.4491263\"}',NULL,'avatar','cover','Video','description',NULL,3,NULL),(206,'Mahmoud Abu Omaira','restaurant41x@gmail.com','$2b$10$Jlcrxr4OcgFQFkq413h4Y.lWXRAciBXNYTtXynEE.nJeCH8BAEoQm',2,NULL,8682674,'Zain Computer _ Mahmoud Abu Omaira','{\"lat\":\"31.5366964\",\"lng\":\"34.5055185\"}',NULL,'avatar','cover','Video','description',NULL,3,NULL),(207,'Mazen Ashour Abdul Malik Salem Deeb','restaurant42x@gmail.com','$2b$10$34ho87WDO3DD94kQ7oG0r.FlW599u3HoMMNxLpnSVQanPi3r/9IEi',2,NULL,9444668,'Salem Mobile','{\"lat\":\"31.5396546\",\"lng\":\"34.5066774\"}',NULL,'avatar','cover','Video','description',NULL,3,NULL),(208,'Samer Mohammed Mustafa Abu Kamil','restaurant43x@gmail.com','$2b$10$hVLe6yTIs2g/SPUTjHmpUOVBzzqgPJNFJRDzQTLTIFDDslR5RU1YO',2,NULL,567800011,'Samer Mobile','{\"lat\":\"31.5209872\",\"lng\":\"34.4471985\"}',NULL,'avatar','cover','Video','description',NULL,3,NULL),(209,'Mahmoud Moein Al-Masry','restaurant46x@gmail.com','$2b$10$o2pKa30L0.UWht3UoH9NCu/oWy2PLKAbNmGvl2NIuCJMfk6UeAnbW',2,NULL,9955402,'Star Phone_ Mahmoud Al-Masry','{\"lat\":\"31.2848858\",\"lng\":\"34.2541804\"}',NULL,'avatar','cover','Video','description',NULL,3,NULL),(210,'Ahmed Abu Hashem','restaurant47x@gmail.com','$2b$10$feFLD70Zg25moCa92IZXXe7rw3S7ql1JMxb5gTB3KbOJFDQpa7rSq',2,NULL,8645572,'Star Life','{\"lat\":\"31.2841753\",\"lng\":\"34.250282\"}',NULL,'avatar','cover','Video','description',NULL,3,NULL),(211,'Store Care','restaurant48x@gmail.com','$2b$10$748j0okh7VI/lGjsxv0NdeuXZCr.nn6Atj5RTobaPaYnLvCymUZiu',2,NULL,569444778,'Store Care','{\"lat\":\"31.5036239\",\"lng\":\"34.4640648\"}',NULL,'avatar','cover','Video','description',NULL,3,NULL),(212,'Raed Al-Bakri','restaurant49x@gmail.com','$2b$10$ryQhjLBtKhTpdjvwlXmbWORwAa.pOU3dBavO4BS4hoKy62WvG6NwS',2,NULL,598096608,'Sky Phone_Rayed Albakry','{\"lat\":\"31.5317635\",\"lng\":\"34.4674535\"}',NULL,'avatar','cover','Video','description',NULL,3,NULL),(213,'Abdul Rahman Rami Al-Kurdi','restaurant50x@gmail.com','$2b$10$yCD0ptfu3vsUJjBih6rOPeWDcG83tNHa8.KgM2w/kxPeXsdtS3Sc2',2,NULL,595918187,'Salsabil Communications - Abdul Rahman Al-Kurdi','{\"lat\":\"31.5370247\",\"lng\":\"34.4646316\"}',NULL,'avatar','cover','Video','description',NULL,3,NULL),(214,'Khaled Deeb Abu Sultan','restaurant51x@gmail.com','$2b$10$q4ErE7nNqUyLqmnpM2kAnO6BDOUdgtDpyCGmwbwIq6xUDdOZS4E8e',2,NULL,8880079,'Sultan Mobile','{\"lat\":\"31.5319864\",\"lng\":\"34.4671927\"}',NULL,'avatar','cover','Video','description',NULL,3,NULL),(215,'Mazen Muhammed Tayem Abulban','restaurant53x@gmail.com','$2b$10$ClWLq1My3hZNL4hIe65P4ezqpZB5IFWYwO/Wy/8XH8mLVawjYtmnC',2,NULL,598337980,'My predecessor iPhone','{\"lat\":\"31.5020989\",\"lng\":\"34.4682812\"}',NULL,'avatar','cover','Video','description',NULL,3,NULL),(216,'Hamza Zakaria Abdul Karim Nakhalah','restaurant52x@gmail.com','$2b$10$hvQs8l37ciFoLxm/Ah2MJ.F7auyvVwC5fCrnDaLLCf0f8Zmvc.UoS',2,NULL,8201660,'Silver Mobile','{\"lat\":\"31.5127353\",\"lng\":\"34.4659715\"}',NULL,'avatar','cover','Video','description',NULL,3,NULL),(217,'Wael Salmi','restaurant54x@gmail.com','$2b$10$3urgziFcoISoKJCkaAJ1Ru4xQ/jEV956a9WhUlijcPYz9zzlMGOwy',2,NULL,568880106,'Salami For Exchange and Communications','{\"lat\":\"31.5165513\",\"lng\":\"34.4505235\"}',NULL,'avatar','cover','Video','description',NULL,3,NULL),(218,'Youssef Enaya','restaurant56x@gmail.com','$2b$10$4URG6ajcrVE4d2q7vqzl1u4InnKV8gv8aaKxO0JRANJkkWLxOfpA2',2,NULL,8687490,'Sama Fon_Youssef Enaya','{\"lat\":\"31.5265264\",\"lng\":\"34.4434929\"}',NULL,'avatar','cover','Video','description',NULL,3,NULL),(219,'Suleiman Al-Najjar','restaurant55x@gmail.com','$2b$10$QIqbhtWw.rlADYm5B/EKUeRwW5MCR.5gzVQ1Fry86JewPR2aEztbu',2,NULL,568347248,'Solomon Vaughn','{\"lat\":\"31.3092578\",\"lng\":\"34.3645911\"}',NULL,'avatar','cover','Video','description',NULL,3,NULL),(220,'Ismail Essam Ismail Sarsour','restaurant57x@gmail.com','$2b$10$JCEcEX7rImHDLYxmTLisTucQxTyqIbaQvnygRROtzsFOq/oaSoW22',2,NULL,9916900,'Sama for Communications and Information Technology','{\"lat\":\"31.4185569\",\"lng\":\"34.3496021\"}',NULL,'avatar','cover','Video','description',NULL,3,NULL),(221,'Khaled Mahmoud Abu Zeina','restaurant58x@gmail.com','$2b$10$L/MjgaF4v4bmAjloyayNmORpZoYk9CCs3XwKB/Egk31q8naieZQ1m',2,NULL,597773944,'Smart Tech - Khaled Abu Zina','{\"lat\":\"31.5041498\",\"lng\":\"34.4320502\"}',NULL,'avatar','cover','Video','description',NULL,3,NULL),(222,'Youssef Ayman Kamal Al-Rifi','restaurant59x@gmail.com','$2b$10$FzNlZ.sb/R/I7j4XMznRgeKKZoWNqkiYFcN9xUsmHo5VsV7jDKx.2',2,NULL,567222854,'Smart phone','{\"lat\":\"31.5065055\",\"lng\":\"34.4669845\"}',NULL,'avatar','cover','Video','description',NULL,3,NULL),(223,'Mahmoud Qeshta','restaurant60x@gmail.com','$2b$10$muGGuuNa0LvoBKFPem2khuijtKJMeGW/5v1beAku3yGFy8uwSVA5K',2,NULL,8888502,'Smart Phone_Rafah','{\"lat\":\"31.2795312\",\"lng\":\"34.256129\"}',NULL,'avatar','cover','Video','description',NULL,3,NULL),(224,'Mahmoud Abu Hali','restaurant61x@gmail.com','$2b$10$ohRug8OwDcQ0NJoHQHlwxuJ1KhxIiJkH94ApcCFZgI2fvaDX9jWyG',2,NULL,8608598,'Smart Communications_ Mahmoud Abu Holly','{\"lat\":\"31.531518\",\"lng\":\"34.4710558\"}',NULL,'avatar','cover','Video','description',NULL,3,NULL),(225,'Hazem Kamal Salah','restaurant62x@gmail.com','$2b$10$us/aAxHhPBNfMGvtKxD3feth81ytgDHzZDmXzLTM5Cka904dAY6V2',2,NULL,8622865,'Smarttech','{\"lat\":\"31.43898933\",\"lng\":\"34.40348794\"}',NULL,'avatar','cover','Video','description',NULL,3,NULL),(226,'Shady Benjamin Ahmed Abu Warda','restaurant63x@gmail.com','$2b$10$M3rMoZCjnxFMQk6mEyvSZ.4ACVNlGMBzeGfzMW0qqN.IQJYKrvIY2',2,NULL,8639728,'Smarttech Shady Abu Warda','{\"lat\":\"31.5297674\",\"lng\":\"34.4814431\"}',NULL,'avatar','cover','Video','description',NULL,3,NULL),(227,'Saleh Mohammed Saleh Abu Jazar','restaurant64x@gmail.com','$2b$10$rKkpSz4TRIByzxfpFTv34OKBMN9StxsddL7D91qc8j6ccaQVqccHK',2,NULL,8725264,'Smile iPhone','{\"lat\":\"31.2718001\",\"lng\":\"34.2639134\"}',NULL,'avatar','cover','Video','description',NULL,3,NULL),(228,'Nasser the old man','restaurant65x@gmail.com','$2b$10$TWtt.lMVemsuZ85pYH93i.OS.4QQztlPVnCx8..mJcqUifoJnQJ/O',2,NULL,8888016,'Smile Mobile','{\"lat\":\"31.5038215\",\"lng\":\"34.4282932\"}',NULL,'avatar','cover','Video','description',NULL,3,NULL),(229,'Ashraf Ismail Mohamed Dabbash','restaurant66x@gmail.com','$2b$10$EFm.yLNNWujKyuSoa9BBzOOFYS3HsCss0WVZHdKnsEHZZDo0Vjn1u',2,NULL,8880667,'Sana iPhone','{\"lat\":\"31.5036356\",\"lng\":\"34.4331438\"}',NULL,'avatar','cover','Video','description',NULL,3,NULL),(230,'Muhammad Yusef Mahmoud al-Nimrouti','restaurant67x@gmail.com','$2b$10$WoBW/sLZkY9gc4TFAomy7ee164nDWALRFHCdWk/qfMvTNayRhbow.',2,NULL,8620547,'Center Net','{\"lat\":\"31.44144364\",\"lng\":\"34.38336018\"}',NULL,'avatar','cover','Video','description',NULL,3,NULL),(231,'Muhammad Al-Bahtimi','restaurant68x@gmail.com','$2b$10$.7iG3GHubJZTbUsSpjeCj.r1SuI90jIprAtysmifwNhkGa1EakNOm',2,NULL,8636718,'Sundus _Mohammed Al-Bahtimi','{\"lat\":\"31.5035879\",\"lng\":\"34.4606132\"}',NULL,'avatar','cover','Video','description',NULL,3,NULL),(232,'Salama Saeed Kashkou','restaurant69x@gmail.com','$2b$10$eLAByHauAW3DQIbWngfu/O2TkHMJxlY7awDcJGKwomufJ4K0DjO/K',2,NULL,7462574,'Sundus Market','{\"lat\":\"31.4854415\",\"lng\":\"34.4477548\"}',NULL,'avatar','cover','Video','description',NULL,3,NULL),(233,'Khalil Abu Al-Aish','restaurant70x@gmail.com','$2b$10$uTDLhn8tfrQug1uczLXeVuQrs6XFbiRD03uxb1b70GsRv/tGzllUK',2,NULL,7236746,'Abu Al-Aish supermarket','{\"lat\":\"31.5390177\",\"lng\":\"34.5086084\"}',NULL,'avatar','cover','Video','description',NULL,3,NULL),(234,'Mahmoud Masoud fourth Friday','restaurant71x@gmail.com','$2b$10$sg8jI3mKSQ.oueQlYFR8TeW0O.yia9UUYQ8FTD6WiBDPla9K992g2',2,NULL,8641085,'A fourth supermarket','{\"lat\":\"31.5320283\",\"lng\":\"34.4983198\"}',NULL,'avatar','cover','Video','description',NULL,3,NULL),(235,'# N / A','restaurant73x@gmail.com','$2b$10$qdTQtiRxah/WFHqfyH2XNe7P9wRAlFnOtm9cU959QkR7bbSnma7C2',2,NULL,0,'Sonesta Communications','{\"lat\":\"31.44643868\",\"lng\":\"34.39418233\"}',NULL,'avatar','cover','Video','description',NULL,3,NULL),(236,'Saif Al-Din Abovol','restaurant74x@gmail.com','$2b$10$PPcXY8EXHagxVCQa/MuFK.dl1E0ns/4T4mRbHG91P4Pzd78F3zu5C',2,NULL,599400922,'Saif Communications - Saifuddin Abu Fol','{\"lat\":\"31.5091839\",\"lng\":\"34.4648276\"}',NULL,'avatar','cover','Video','description',NULL,3,NULL),(237,'Mahmoud Nabil Shaban Shamiya','restaurant75x@gmail.com','$2b$10$gMD/p.c3X/XtkustiZorn.W4R4ixuNizGw2DQ6bNxD/nbN2gsWNoi',2,NULL,7230450,'Shamia for mobiles','{\"lat\":\"31.5334408\",\"lng\":\"34.4682097\"}',NULL,'avatar','cover','Video','description',NULL,3,NULL),(238,'Age is thin','restaurant77x@gmail.com','$2b$10$NT96b8XEjKz2XUeLlcVwjOWEgYAgOIQbjxUnVJiAUNvKWNG1BgQ62',2,NULL,597250788,'Erqeq Company for Hajj and Umrah','{\"lat\":\"31.5030428\",\"lng\":\"34.4686548\"}',NULL,'avatar','cover','Video','description',NULL,3,NULL),(239,'Mohammed Abu Sobha','restaurant78x@gmail.com','$2b$10$ZI2OcU18XjohT.iOoBvUz.CemkPwtaE2IJyMuTGL1UHWdov1U0wR6',2,NULL,9444558,'Azad General Trading Company','{\"lat\":\"31.3239602\",\"lng\":\"34.3478257\"}',NULL,'avatar','cover','Video','description',NULL,3,NULL),(240,'a certain','restaurant79x@gmail.com','$2b$10$ja5dtemR5lfUGSxULFnVIOgC8JuWx/t9FboYl2FXaat9xyj/r0GUO',2,NULL,568755287,'Haji Ibrahim Al-Yazji Company','{\"lat\":\"31.504591\",\"lng\":\"34.4656404\"}',NULL,'avatar','cover','Video','description',NULL,3,NULL),(241,'Wasim Abdul Karim Ibrahim Al-Helo','restaurant80x@gmail.com','$2b$10$r0uc/ltzqZ/yoZuTGhm.LOKCoQ56VXmPcD29fEugCgwuDRUhNuTDS',2,NULL,595111880,'Engineer Wasim Helou Company','{\"lat\":\"31.5122754\",\"lng\":\"34.4355147\"}',NULL,'avatar','cover','Video','description',NULL,3,NULL),(242,'Mohamed Ahmed Mohamed Madi','restaurant81x@gmail.com','$2b$10$l57BKyeN9TPtPowcr2On3OPqe8ArYwtnXl0hdgYAzF29d7Ji5Gc0q',2,NULL,8653738,'Taghreed General Trading and Communications Company','{\"lat\":\"31.5359362\",\"lng\":\"34.4767012\"}',NULL,'avatar','cover','Video','description',NULL,3,NULL),(243,'Sami Yassin Saadi Siam','restaurant82x@gmail.com','$2b$10$vHhxJ4DUYKx7i7DhNO7xmudFFOa8lUw6i/nTJYcwKQyPlCPRQ32Ga',2,NULL,568609983,'Lava Life Company','{\"lat\":\"31.5052642\",\"lng\":\"34.4576821\"}',NULL,'avatar','cover','Video','description',NULL,3,NULL),(244,'Mohammed Shafiq Al-Buhaisi','restaurant83x@gmail.com','$2b$10$q5Bd8kZJIxwxKyUkEHqnlewNVzAzQSmXymbJFv7qUOcrsuyfSJKOG',2,NULL,8888996,'Shafiq Mobile','{\"lat\":\"31.42027792\",\"lng\":\"34.34627076\"}',NULL,'avatar','cover','Video','description',NULL,3,NULL),(245,'Mohamed Awad','restaurant84x@gmail.com','$2b$10$tI/7WwPf.BV3dc7iIkYabuoODNQ35Sj5T6aqmuxfOWsJNP9z2kMtu',2,NULL,8999228,'Shams Mobile_Mohammed Awad','{\"lat\":\"31.3075538\",\"lng\":\"34.2449911\"}',NULL,'avatar','cover','Video','description',NULL,3,NULL),(246,'Emad Rushdi Mustafa Al-Heiqi','restaurant85x@gmail.com','$2b$10$NnQxH.HLZi9qrqRpw.wqJOHxqUDNY/1jIJbu7nCig.Qy9s/HFsCOa',2,NULL,7703600,'Salah Al-Din_Imad Al-Heiqi','{\"lat\":\"31.4968215\",\"lng\":\"34.457923\"}',NULL,'avatar','cover','Video','description',NULL,3,NULL),(247,'Adham fasting','restaurant86x@gmail.com','$2b$10$nEAdyDso28ICIiypzPNKgOLAYeN.c9Htg7uJJrDI.nCDXGd5VCJo6',2,NULL,8389502,'Fasting for mobile devices - break the fast','{\"lat\":\"31.44552173\",\"lng\":\"34.38766813\"}',NULL,'avatar','cover','Video','description',NULL,3,NULL),(248,'Abdul Karim Jamal Nassar fasting','restaurant87x@gmail.com','$2b$10$jndwZz0MzrgS6zK03OTPc.MYeJHgMTyuk1q0v030NaE4geZ5fVgKy',2,NULL,7666530,'Siam Market iPhone','{\"lat\":\"31.4942475\",\"lng\":\"34.4574531\"}',NULL,'avatar','cover','Video','description',NULL,3,NULL),(249,'Aziz Daban','restaurant88x@gmail.com','$2b$10$7Fu26vefR//WWvnKo1qT7OdEza08uWwVLb1Mh7IEwvmDQKu5EvkvW',2,NULL,8646331,'Daban Tek Aziz Daban','{\"lat\":\"31.499247\",\"lng\":\"34.4368077\"}',NULL,'avatar','cover','Video','description',NULL,3,NULL),(250,'Darwish Hamid Daban','restaurant89x@gmail.com','$2b$10$LGDseWRUfvIXPWbZgyiynuj.kAvm0tEh2OPR0II7RWsCXexQNFPDG',2,NULL,8750503,'Daban Center','{\"lat\":\"31.5070858\",\"lng\":\"34.4632235\"}',NULL,'avatar','cover','Video','description',NULL,3,NULL),(251,'Tafesh Telecom','restaurant90x@gmail.com','$2b$10$pkbHVHiowdO7Ec/YeRQIS.OVtjE0S7vuGQp1E.V3uiGl3SiWa2Msq',2,NULL,595316166,'Tafesh Telecom','{\"lat\":\"31.5312547\",\"lng\":\"34.4943334\"}',NULL,'avatar','cover','Video','description',NULL,3,NULL),(252,'Fadi Muhammad Abdul Karim Abu Odeh','restaurant91x@gmail.com','$2b$10$O81/m/UJ.pyU5bxXM2Cl4OLlhydRPZ7dBohPDMMCyFQDRorhAeaY6',2,NULL,8688263,'Taiba Telecom _ Fadi Abu Odeh','{\"lat\":\"31.5387099\",\"lng\":\"34.5377532\"}',NULL,'avatar','cover','Video','description',NULL,3,NULL),(253,'Hammam Abdul Karim Musa Abu Shaban','restaurant92x@gmail.com','$2b$10$v4o2Afad62v2GY/ycxycWOSNQgCuSCfb467m5lWvi0JEo1dxsOaEq',2,NULL,592442131,'Mobile world','{\"lat\":\"31.5131943\",\"lng\":\"34.452063\"}',NULL,'avatar','cover','Video','description',NULL,3,NULL),(254,'Abdullah Maher Zaki Ashour','restaurant94x@gmail.com','$2b$10$cBgeGB2jnFCpjPfjalt12OPwxrZIb.ODGx3J0AKvriUXVb3WjP0ki',2,NULL,8643214,'Abboud Mobile _ Abdullah Ashour','{\"lat\":\"31.5309335\",\"lng\":\"34.4523345\"}',NULL,'avatar','cover','Video','description',NULL,3,NULL),(255,'Fares fasting','restaurant96x@gmail.com','$2b$10$Hb2LHhZ/Nsx1GbqS8uFwH..d8jhLcXvuCoIx42/YOmf4frntvX/qy',2,NULL,567866625,'Adi Vaughn','{\"lat\":\"31.505487\",\"lng\":\"34.4544983\"}',NULL,'avatar','cover','Video','description',NULL,3,NULL),(256,'Abdul Mahmoud Al-Qouqa','restaurant95x@gmail.com','$2b$10$.REYGB8smIvwZ3mOKjJAnuYcFDTNZwfbL.X5M9K4rcoJKPlCv6a2S',2,NULL,568888129,'Ubaidah iPhone','{\"lat\":\"31.5371183\",\"lng\":\"34.4498543\"}',NULL,'avatar','cover','Video','description',NULL,3,NULL),(257,'Improving Abu Shanab','restaurant97x@gmail.com','$2b$10$qNOvjLHsyaXnhDZ8HqVa6.cFAnC9VSUt9i6meVljNJt.XkBU/atmm',2,NULL,8646002,'Arab Phone Communications','{\"lat\":\"31.535494\",\"lng\":\"34.452443\"}',NULL,'avatar','cover','Video','description',NULL,3,NULL),(258,'Ahmed Mustafa Attia Arafat','restaurant98x@gmail.com','$2b$10$3TIfDV6KJ34iI67On6nmJeGeddhxcnRhnUqyrc/j1TM78BctviOJ.',2,NULL,8785853,'Arafat Telecom and Exchange','{\"lat\":\"31.2700702\",\"lng\":\"34.2612179\"}',NULL,'avatar','cover','Video','description',NULL,3,NULL),(259,'Muhammad Azzam al-Othmani','restaurant99x@gmail.com','$2b$10$w1IfsTmOVNaV75/41EAsIuUQHfVkGkJLxInYy0JZYdBof/P7Wakka',2,NULL,8627480,'Azamko Phone _ Muhammad Azzam Al-Othmani','{\"lat\":\"31.5388187\",\"lng\":\"34.538148\"}',NULL,'avatar','cover','Video','description',NULL,3,NULL),(260,'Fadi Azat Aql','restaurant100x@gmail.com','$2b$10$WNR5CPDmCoBexOSHsG/yReQtt9Kc5MuI7NfaZJa2bWGZJzFB9hHd.',2,NULL,8758861,'IPhone attribution','{\"lat\":\"31.537625\",\"lng\":\"34.5073915\"}',NULL,'avatar','cover','Video','description',NULL,3,NULL),(261,'Fadi Muhammad Mansour Affana Affana','FMCG1x@gmail.com','$2b$10$3k9GOWQNBJXQbDIwY8uPYuxVy1COFRNZdet9GSG64fgULrHyl8QPu',2,NULL,8737250,'Affana Communications _ Fadi Affana','{\"lat\":\"31.536581\",\"lng\":\"34.491368\"}',NULL,'avatar','cover','Video','description',NULL,4,NULL),(262,'Akram Mounir Noman Al-Salhi','FMCG3x@gmail.com','$2b$10$MbfKjd5Ys2Tkn4nkij8gDenTJR2i0GTfJhefBI/mbsnTCuNd.RDd.',2,NULL,595850883,'Issa - Akram Al-Salhi','{\"lat\":\"31.44774141\",\"lng\":\"34.39259901\"}',NULL,'avatar','cover','Video','description',NULL,4,NULL),(263,'Mamdouh Abusido','FMCG4x@gmail.com','$2b$10$v.ENaFefw116.pdMvJ3hL./RbsrmUKy4FS3KeEgimB.HSsI20IzZ6',2,NULL,8623610,'Ghassan Fon','{\"lat\":\"31.5067748\",\"lng\":\"34.463682\"}',NULL,'avatar','cover','Video','description',NULL,4,NULL),(264,'Sherif Gabr Abdel Qader Maqat','FMCG5x@gmail.com','$2b$10$R9UrOx7KVVABPbYTjqFnieV2oxM2.xMOw7jsuYLC.fTa15L02AdQ6',2,NULL,8755627,'Fadi Vaughn','{\"lat\":\"31.5072704\",\"lng\":\"34.4636355\"}',NULL,'avatar','cover','Video','description',NULL,4,NULL),(265,'Ibrahim Zaanin','FMCG7x@gmail.com','$2b$10$6rMd0pteutOHnLfOibihEeeozhNfZTF0FeOH8IerMSjo5m451VqQu',2,NULL,7474474,'Palestine iPhone','{\"lat\":\"31.5388142\",\"lng\":\"34.5313358\"}',NULL,'avatar','cover','Video','description',NULL,4,NULL),(266,'Marwan Hamdan Mahmoud Qudeih','FMCG9x@gmail.com','$2b$10$lzJl8GvsGMQiMGQSRhnXS.7PnZMSjvyPj1/equXvfe0vrQansXgMC',2,NULL,568659846,'Phono City','{\"lat\":\"31.3268328\",\"lng\":\"34.3527784\"}',NULL,'avatar','cover','Video','description',NULL,4,NULL),(267,'Hafez Al-Khatib','FMCG10x@gmail.com','$2b$10$.vnCZQqOxJ7rai.DtPOSzu5.qTGEFoiecG0a9P1Yc9R4UUmML/lMy',2,NULL,8888402,'Phono Mobile','{\"lat\":\"31.5328673\",\"lng\":\"34.4964855\"}',NULL,'avatar','cover','Video','description',NULL,4,NULL),(268,'Munther Nayef Sobhi Faisal','FMCG11x@gmail.com','$2b$10$aNiY5XCVT74ENLN0.SKNTO6NJ0C939gQT/RYCF84H/IMTYhgHNhuO',2,NULL,597070075,'Faisal Communications','{\"lat\":\"31.5043603\",\"lng\":\"34.4637921\"}',NULL,'avatar','cover','Video','description',NULL,4,NULL),(269,'Mohamed Medhat Ismail Al-Amsi','FMCG12x@gmail.com','$2b$10$gIC.rfUpbWss4TQ9GTHD8OZQkun2tX271rpi6980jSjQFA6J/SPta',2,NULL,7505499,'Future Wave - Raed Al-Amsi','{\"lat\":\"31.5237397\",\"lng\":\"34.4466321\"}',NULL,'avatar','cover','Video','description',NULL,4,NULL),(270,'Muhammad Al-Maswabi','FMCG13x@gmail.com','$2b$10$zZXKCTzs5CQDL2GIxyEUFexhdp8k2NTzJkK.hKK2aUXdWapluRfPa',2,NULL,7000800,'Moon Phone_Mohammed Al-Maasabi','{\"lat\":\"31.5298586\",\"lng\":\"34.4741574\"}',NULL,'avatar','cover','Video','description',NULL,4,NULL),(271,'Hammam Al-Yazji','FMCG14x@gmail.com','$2b$10$vGRoszvJopnp2xxWtAbH8ulUu5zPsoEezwv9hOBjUWC/DQNEn3b7W',2,NULL,568338669,'Our coffee','{\"lat\":\"31.5097242\",\"lng\":\"34.4215492\"}',NULL,'avatar','cover','Video','description',NULL,4,NULL),(272,'Fadi Asaad Mahmoud Elyan','FMCG15x@gmail.com','$2b$10$fjcvR7W.eUWNCiwo7iZpwekt6toQg3yNA9ZbJspMaYBboE4znIMvS',2,NULL,8999766,'Casablanca Phone_Fadi Alian','{\"lat\":\"31.3430272\",\"lng\":\"34.3265569\"}',NULL,'avatar','cover','Video','description',NULL,4,NULL),(273,'Mohammed Abu Samra','FMCG17x@gmail.com','$2b$10$A7sWMnV.FKGN7sKO.FOr5eUtp5F6XZHwvoJ3kvodXRUqRUe4wQ/T.',2,NULL,7503311,'IPhone cream','{\"lat\":\"31.5308618\",\"lng\":\"34.4436707\"}',NULL,'avatar','cover','Video','description',NULL,4,NULL),(274,'Mustafa Naim','FMCG18x@gmail.com','$2b$10$McZrKd6cy5IAUyXjkiimjuTRSYfAF8vYPm0kCi1GGsx3ke3s/1iZi',2,NULL,8880036,'IPhone cream','{\"lat\":\"31.5065882\",\"lng\":\"34.4628958\"}',NULL,'avatar','cover','Video','description',NULL,4,NULL),(275,'Abdul Karim Kamel Sadiq Daghmush','FMCG19x@gmail.com','$2b$10$yCsB7hLDUa.LwlwN7ZSKheR1gtsgTiyVQkGA72qpTMTM3D2OGNTa.',2,NULL,592722266,'Careem Mobile','{\"lat\":\"31.506398\",\"lng\":\"34.4333729\"}',NULL,'avatar','cover','Video','description',NULL,4,NULL),(276,'Maysara Ahmed Ayad Al-Batnaiji','FMCG20x@gmail.com','$2b$10$ZpMmvUmc5gQXPUNGUxqUo.xANDgjV2v5S/cmPM8pq1jICm0P0nSsi',2,NULL,8728830,'Classic Phone_Massara Al-Batniji','{\"lat\":\"31.5331405\",\"lng\":\"34.4582945\"}',NULL,'avatar','cover','Video','description',NULL,4,NULL),(277,'Ahmed Awaga','FMCG21x@gmail.com','$2b$10$NVoskdKrYNNHOCnLlnJRK.SWMDvF7Tz18c/pHFGWbCZdBlY1LGRKy',2,NULL,8777759,'Click Phone - Ahmed Awaja','{\"lat\":\"31.5249276\",\"lng\":\"34.4486991\"}',NULL,'avatar','cover','Video','description',NULL,4,NULL),(278,'Kamal Anwar Lafi','FMCG22x@gmail.com','$2b$10$2lNESS89upi2tt2FUowy0OWvw6bRu6GU.bd/oZMA6VY.gxB02LddK',2,NULL,7505859,'Kamal Lafi - Kamal Lafi','{\"lat\":\"31.5042066\",\"lng\":\"34.4668109\"}',NULL,'avatar','cover','Video','description',NULL,4,NULL),(279,'Tariq Ahl','FMCG23x@gmail.com','$2b$10$PitjpT/ZkoOGrCTQPlvQV.AfRukyufxWIQE/hZzF4i6IzyCR1gXLm',2,NULL,8729291,'Lap Toby_Tariq Ahl','{\"lat\":\"31.5128433\",\"lng\":\"34.4571157\"}',NULL,'avatar','cover','Video','description',NULL,4,NULL),(280,'Mahmoud Abu Asi','FMCG24x@gmail.com','$2b$10$v0H86odWqLQtRT04aXqj9.RPBtVauKWmUhA3LIKS8a0beu5dV9uI6',2,NULL,8769169,'Touches Mobile','{\"lat\":\"31.3423878\",\"lng\":\"34.3254171\"}',NULL,'avatar','cover','Video','description',NULL,4,NULL),(281,'Hassan Zuhair Hamid Al Shawa','FMCG25x@gmail.com','$2b$10$OZHaw3oSkAedTRq7ZefCVOBmeSkw6BSGcAyW552jvDRU4Fax69W0G',2,NULL,592660447,'Lian von Hassan Al Shawa','{\"lat\":\"31.5068252\",\"lng\":\"34.467918\"}',NULL,'avatar','cover','Video','description',NULL,4,NULL),(282,'Abdul Majeed Abu Salama','FMCG26x@gmail.com','$2b$10$MhEZyL7HXnQglfeJ839juugrS/ehcFwJ4ArtF.MHQwXxCpjlo2qNW',2,NULL,568307504,'The Matrix','{\"lat\":\"31.5464904\",\"lng\":\"34.5190447\"}',NULL,'avatar','cover','Video','description',NULL,4,NULL),(283,'Hassan Misbah Ali Al Hor','FMCG27x@gmail.com','$2b$10$Zk2UzywuM1/mTfcuz3aOpeIY5.kLRVseKod.MNaE1Z/Z4HdbJz2nm',2,NULL,594470111,'Manu','{\"lat\":\"31.43827941\",\"lng\":\"34.40218959\"}',NULL,'avatar','cover','Video','description',NULL,4,NULL),(284,'Zakaria Rajab Muhammad Al-Hattab','FMCG28x@gmail.com','$2b$10$2abcONUeFiaQ.3QOEGZlp.L10Wh4pSQ6xxL4R5a8RKLVQlonDxaBK',2,NULL,595700119,'My Center','{\"lat\":\"31.5009086\",\"lng\":\"34.4677392\"}',NULL,'avatar','cover','Video','description',NULL,4,NULL),(285,'Mohammed Kamal Al-Ghandour','FMCG29x@gmail.com','$2b$10$aa3j/iHJ7DBF7PA3ad1dMOk.dkKcx2YL1Lh9sapDfN36pgjerZnCm',2,NULL,599059955,'My phone','{\"lat\":\"31.5310235\",\"lng\":\"34.4680483\"}',NULL,'avatar','cover','Video','description',NULL,4,NULL),(286,'Wael Judeh Abdul Latif Aslim','FMCG30x@gmail.com','$2b$10$3iUitkw2tXh.dkK1bUyYx.U4.wBy/gFNpo.fmOBeLxMB3C8N77FW.',2,NULL,599604000,'Aslim Petroleum Station','{\"lat\":\"31.4827651\",\"lng\":\"34.444473\"}',NULL,'avatar','cover','Video','description',NULL,4,NULL),(287,'Ghassan Agha','FMCG31x@gmail.com','$2b$10$t9Up3aaDC5IBOsOyc4oaJOxuPe.5uVI7BpeqXnxZr22teebMtgJzO',2,NULL,567460000,'Al Aqsa Station','{\"lat\":\"31.2924288\",\"lng\":\"34.244879\"}',NULL,'avatar','cover','Video','description',NULL,4,NULL),(288,'Ayed Awni Mohammed Abu Ramadan','FMCG32x@gmail.com','$2b$10$HpwDLUX4scgmjiEq5ZOlzetshAI91sPLrCTSPp5rdYYOFbGfUcMES',2,NULL,8601748,'Letro station','{\"lat\":\"31.5064365\",\"lng\":\"34.4561522\"}',NULL,'avatar','cover','Video','description',NULL,4,NULL),(289,'Nabil Farag','FMCG36x@gmail.com','$2b$10$A3waEd2nkAmYamgjpYWdI.KkwJvVn1Ip56KlHW7g4/7/Q/17GSgsu',2,NULL,8745674,'Marrakech iPhone','{\"lat\":\"31.516099\",\"lng\":\"34.4511054\"}',NULL,'avatar','cover','Video','description',NULL,4,NULL),(290,'Thaer Taha Al-Halabi','FMCG37x@gmail.com','$2b$10$nWGCmSY07.i1bUVD1uRDYunCPQJpbFdv8lI/hvEpGZriQiNzN0Z5u',2,NULL,8685647,'Creative Center Al-Halabi _ Thaer Taha Al-Halabi','{\"lat\":\"31.5279284\",\"lng\":\"34.4834783\"}',NULL,'avatar','cover','Video','description',NULL,4,NULL),(291,'Muhammad Al-Selk','FMCG38x@gmail.com','$2b$10$JG.vumE4mXjcNsrlsJGugu5OTnIFhylLCUjA2vGqiTzQgxjo0hiTW',2,NULL,9444338,'Friends Center CD _ Muhammad Alslik','{\"lat\":\"31.5087055\",\"lng\":\"34.4327009\"}',NULL,'avatar','cover','Video','description',NULL,4,NULL),(292,'Muhammad Hosni Muhammad Al-Qatros','FMCG39x@gmail.com','$2b$10$x5pZIAgt/ScrCdlwM9uxk.Xa8wkrPVfM2wkaOPmlPKlSGHckIA.ou',2,NULL,8657712,'Al Aqsa Center','{\"lat\":\"31.2788429\",\"lng\":\"34.2560469\"}',NULL,'avatar','cover','Video','description',NULL,4,NULL),(293,'Bilal Farid Rajab Abu Warda','FMCG41x@gmail.com','$2b$10$.hX25Pd/5pAlZ7nxvrDA4eRGDDll.iPH1STAESvR9S9qqIvlSifJK',2,NULL,8392584,'Al-Sabeel Communications Center','{\"lat\":\"31.541291\",\"lng\":\"34.4943367\"}',NULL,'avatar','cover','Video','description',NULL,4,NULL),(294,'Mustafa Issa Ali Al-Nashar','FMCG40x@gmail.com','$2b$10$MRGYunJKOXKgPH6k1cuRv.gC6I0bWx1PttS24IKspCmquaqe3c0lG',2,NULL,7562258,'International Phone Center','{\"lat\":\"31.2802983\",\"lng\":\"34.2564965\"}',NULL,'avatar','cover','Video','description',NULL,4,NULL),(295,'Abdullah Al-Ghalaini','FMCG42x@gmail.com','$2b$10$pcHNZqwXSqWt37T3C94S/ua5MvwLYtSTrGZVt4Miw7dOhNmhT91Um',2,NULL,8390263,'Galleni Center','{\"lat\":\"31.5044854\",\"lng\":\"34.4634091\"}',NULL,'avatar','cover','Video','description',NULL,4,NULL),(296,'Muhammad Ali Nassar','FMCG43x@gmail.com','$2b$10$Q34XFcQ1NWKpGWnmyrtM.eQov5mC.L5Ep/5R2mSnkLqEOzrOonera',2,NULL,7738115,'Jerusalem Center for Computer and Internet','{\"lat\":\"31.45892718\",\"lng\":\"34.39012619\"}',NULL,'avatar','cover','Video','description',NULL,4,NULL),(297,'Ahmed Al-Maqousi','FMCG44x@gmail.com','$2b$10$.IdrMqb1GUu/sCq6K.u2lOddp7GL.xeT8rxIEisvU1Addz.d5qZhy',2,NULL,8623541,'Karama Mobile Center - Ahmed Al-Maqousi','{\"lat\":\"31.538269\",\"lng\":\"34.463768\"}',NULL,'avatar','cover','Video','description',NULL,4,NULL),(298,'Muhammad al-Maghribi','FMCG45x@gmail.com','$2b$10$7hndFw/0BjsjI0UHqge.W.MfitaSjsA.mSn3tH80YoNn7PRoBc6Aa',2,NULL,599019481,'Moroccan Center','{\"lat\":\"31.3099331\",\"lng\":\"34.2444877\"}',NULL,'avatar','cover','Video','description',NULL,4,NULL),(299,'Fadi Atef Ali Shehadeh','FMCG46x@gmail.com','$2b$10$ODfSTocQCv2K7HlSFqSAzuKTZRx2d8CIhovO9wCJ.E6oWh0Kb0sTq',2,NULL,7766301,'Al-Wafa Computer Center','{\"lat\":\"31.5341098\",\"lng\":\"34.4957459\"}',NULL,'avatar','cover','Video','description',NULL,4,NULL),(300,'Shady Sharif','FMCG47x@gmail.com','$2b$10$fGMxbYH/0QEuDW1LRGUpAe8lOYdoY2pTFKTmFeXc1WkroRu2sx1nC',2,NULL,9444799,'Harmony Shadi Sharif Center','{\"lat\":\"31.5367419\",\"lng\":\"34.4649896\"}',NULL,'avatar','cover','Video','description',NULL,4,NULL),(301,'Muhammad Khalaf','FMCG48x@gmail.com','$2b$10$neuQ1hnOPlPIITvxMd8c3eE4203z7W7C5tjxrqnp9WiAjUX3.BNGa',2,NULL,568880663,'Behind center','{\"lat\":\"31.519219\",\"lng\":\"34.4452791\"}',NULL,'avatar','cover','Video','description',NULL,4,NULL),(302,'Moomin Abu Islands','FMCG49x@gmail.com','$2b$10$5z./fQgWkrTlsqC9J84EZO8R9aQ1hQOGW32rj6h/FHoAHeMI9tgLq',2,NULL,9448780,'Sama Call Center','{\"lat\":\"31.3283585\",\"lng\":\"34.3176417\"}',NULL,'avatar','cover','Video','description',NULL,4,NULL),(303,'Walid Ashour','FMCG50x@gmail.com','$2b$10$Jg44y0H76nx2VMkLauXVyuLCQRbQSDgfTLWif7xITFGpXqM9A1/CW',2,NULL,8655689,'Ashour Communications Center','{\"lat\":\"31.5043055\",\"lng\":\"34.4286197\"}',NULL,'avatar','cover','Video','description',NULL,4,NULL),(304,'Ismail Muhammad Nabih Kahil','FMCG52x@gmail.com','$2b$10$mEpqVXSv9hrigcmavSKhIu5cIznbhq3/zjMrJla01AO1jx9ZChnFO',2,NULL,7836669,'Kahil Phone Center','{\"lat\":\"31.5088383\",\"lng\":\"34.4742081\"}',NULL,'avatar','cover','Video','description',NULL,4,NULL),(305,'Murad Zakaria Qandil','FMCG53x@gmail.com','$2b$10$ewla1NYgxgD4Yy4nrVTqm.thfHZt3I7.1D6CAD9YPLBSmZwAQLaHe',2,NULL,8999366,'Muradco Center for Cell Phones _ Murad Qandil','{\"lat\":\"31.3103151\",\"lng\":\"34.2414786\"}',NULL,'avatar','cover','Video','description',NULL,4,NULL),(306,'Bilal Mekdad','FMCG54x@gmail.com','$2b$10$76o1IVhTcbgSUAp/Q.xq8uUGip1lagBeGH3bofh7s7uSD/b9nCTBm',2,NULL,8389910,'Home Tech Center - Bilal Miqdad','{\"lat\":\"31.5268677\",\"lng\":\"34.468109\"}',NULL,'avatar','cover','Video','description',NULL,4,NULL),(307,'Ibrahim Abdel Aziz Qaddoura is desired','FMCG57x@gmail.com','$2b$10$WlBPVkMG/uHZ7k2IJSxza.3AOfYtDuXSC7jrFPdMOf6GDHFHcpOcW',2,NULL,8777753,'Musab Center for Communications_ Ibrahim Mushtaha','{\"lat\":\"31.4980321\",\"lng\":\"34.4587957\"}',NULL,'avatar','cover','Video','description',NULL,4,NULL),(308,'Hussein Shaban Hussein Al-Hattab','FMCG56x@gmail.com','$2b$10$oUCAnCJ35u5nUfIScGPEa.9fHkbq16gwX74O4GhtnQkNbgqcLadqm',2,NULL,233563,'Mister Galaxy','{\"lat\":\"31.5041873\",\"lng\":\"34.4715244\"}',NULL,'avatar','cover','Video','description',NULL,4,NULL),(309,'Zuhair Abu al-Khair','FMCG60x@gmail.com','$2b$10$NFuJmhsARbX2hNP/iwQFUOUfrqQn8fDHToBnjhQEpSE7PigQ9XIz.',2,NULL,8769814,'Abu al-Khair Telecom Gallery','{\"lat\":\"31.5248242\",\"lng\":\"34.4895475\"}',NULL,'avatar','cover','Video','description',NULL,4,NULL),(310,'Ziad Abu Al Qumbuz','FMCG61x@gmail.com','$2b$10$rHbbqIQUtkTLA8ZYnfa0nuO2OCg9S8ARs0tVgrTauZCfv1z9Jph9G',2,NULL,8773738,'Abu Al Qumbz Exhibition for Communications','{\"lat\":\"31.4854349\",\"lng\":\"34.4678568\"}',NULL,'avatar','cover','Video','description',NULL,4,NULL),(311,'Rami Ali Muhammad Abu Dyer','FMCG62x@gmail.com','$2b$10$wIMiSO9uIodNM.LqvYZ5keU6qOEp1OZ6VBIv14kl6n3dKJJfqkogq',2,NULL,8888606,'Abu Dyer Telecom Exhibition','{\"lat\":\"31.532632\",\"lng\":\"34.4968343\"}',NULL,'avatar','cover','Video','description',NULL,4,NULL),(312,'Muhammad Misbah Abu Ghanima','FMCG64x@gmail.com','$2b$10$KybJ1HKlUsSi7Mp28g7IeegMpx7r8KZlpg4KnjlAXUK7ZWE1y0Eku',2,NULL,9529909,'Abu Ghanima Mobile Gallery','{\"lat\":\"31.4904868\",\"lng\":\"34.4799638\"}',NULL,'avatar','cover','Video','description',NULL,4,NULL),(313,'Ahmed Loay Abu Warda','FMCG65x@gmail.com','$2b$10$gR09mxgQi.CpYI.WqRbID.9kGRe93K7zlH2rZQ.EcAj.4csG93F0.',2,NULL,8745703,'Abu Luai Phone Gallery','{\"lat\":\"31.527651\",\"lng\":\"34.4840396\"}',NULL,'avatar','cover','Video','description',NULL,4,NULL),(314,'Wissam Jihad Abu Hashem','FMCG66x@gmail.com','$2b$10$J32RxgtPAdiUZfGrcJbBmeRXKdNdu3xEpryU2iJuouxJIDquUFhwC',2,NULL,568647300,'Abu Hashem Telecom Exhibition - Wissam Abu Hashem','{\"lat\":\"31.5223129\",\"lng\":\"34.4456084\"}',NULL,'avatar','cover','Video','description',NULL,4,NULL),(316,'Mohamed Ahmed','FMCG68x@gmail.com','$2b$10$E0Q/7X0C7RFTEdMRfS6T.OYye35LCJ4B9GEnumBHww53G7JWFml32',2,NULL,8744563,'Generations Exhibition - Muhammad Ahmad','{\"lat\":\"31.5287051\",\"lng\":\"34.4674554\"}',NULL,'avatar','cover','Video','description',NULL,4,NULL),(317,'Ahmed Mohamed Wasfi Al-Jarousheh','FMCG70x@gmail.com','$2b$10$jpB0WgPzqQwHRHfR/xi1YugQtHXe2UjgUz1CcMJc8gMC76NNCmSRa',2,NULL,8654496,'Ahmed Android Gallery _ Ahmed Al-Jarousha','{\"lat\":\"31.544035\",\"lng\":\"34.458943\"}',NULL,'avatar','cover','Video','description',NULL,4,NULL),(318,'Wissam Walid Abdel Hamid Daher','FMCG71x@gmail.com','$2b$10$xMxeQt075fUpVETW.kDcaehY7uUdIzN9R/yfEoKVjDVVvm.196.iS',2,NULL,8344333,'Adam Mobile Gallery - Wissam Daher','{\"lat\":\"31.539128\",\"lng\":\"34.5012798\"}',NULL,'avatar','cover','Video','description',NULL,4,NULL),(319,'Shehdeh Al Deeb','FMCG72x@gmail.com','$2b$10$8azoMYDjn/f.JbhsvMaTgep769DfqWIKsmXeCyMtxWjMOjPtbW/Ye',2,NULL,569333447,'Extra Phone Gallery','{\"lat\":\"31.5019582\",\"lng\":\"34.4684504\"}',NULL,'avatar','cover','Video','description',NULL,4,NULL),(320,'Khaled Fathy Daghmush','FMCG73x@gmail.com','$2b$10$w.W2DKAq58wpcwau5/5mVuUA5qvQmK5V6fbRMj1MOGkdPB3/t0t5W',2,NULL,599901510,'Princes Exhibition for Communications _ Khaled Dughmash','{\"lat\":\"31.5095775\",\"lng\":\"34.4493893\"}',NULL,'avatar','cover','Video','description',NULL,4,NULL),(321,'Majid Khaled is here','FMCG75x@gmail.com','$2b$10$1AgqwxlireTak3xR0rMKTuB2y0FfbNU2nHr28G7qC/wb.eGYT65qS',2,NULL,8889777,'Al Bara\'a Telecom Exhibition','{\"lat\":\"31.4923233\",\"lng\":\"34.4539845\"}',NULL,'avatar','cover','Video','description',NULL,4,NULL),(322,'Ahmed Ziyad Ahmed Ali','FMCG74x@gmail.com','$2b$10$t.7uL0FMsu64Kfl83AlpMO1.S.Bvgh6L8daNDk5emsHrqZUy8tOda',2,NULL,8766324,'El Badrasawi Telecom Exhibition','{\"lat\":\"31.5398089\",\"lng\":\"34.5004455\"}',NULL,'avatar','cover','Video','description',NULL,4,NULL),(323,'Naeem Bassam Naeem Al-Balawi','FMCG76x@gmail.com','$2b$10$QfJt.aKWqbRHWGWPcuyX1.4FWnb7y41nxwvoesBhQKYH6LIe0pz1K',2,NULL,8735288,'Al-Balawi Exhibition for Communications - Naim Al-Balawi','{\"lat\":\"31.5338169\",\"lng\":\"34.4568264\"}',NULL,'avatar','cover','Video','description',NULL,4,NULL),(324,'Ammar Abu Olayan','FMCG77x@gmail.com','$2b$10$z78fBSSR9l6w309I7FTt5uiSQPiYvvBHEbtWkrSepqFq0O//w24LS',2,NULL,599684673,'Al Jazeera Exhibition - Ammar Abu Olayan','{\"lat\":\"31.3426848\",\"lng\":\"34.3252605\"}',NULL,'avatar','cover','Video','description',NULL,4,NULL),(325,'Muhammad Numan Muhammad Al-Omari','FMCG78x@gmail.com','$2b$10$YmqO.dtg/UhcXDqh7Fv89O6ed0n15QMmjs16FpfnVKiIhqvT0je4m',2,NULL,8622805,'Galaa Center for Communications - Muhammad Al-Omari','{\"lat\":\"31.5304967\",\"lng\":\"34.4692291\"}',NULL,'avatar','cover','Video','description',NULL,4,NULL),(326,'Ayman Abu Al-Jalil','FMCG79x@gmail.com','$2b$10$IazUNE4ceZoqti3O3lxhGe3.KFy1N5IMe5x20wGAsnsOFYkqqYpz2',2,NULL,8633716,'Galilee Exhibition - Ayman Abu Galilee','{\"lat\":\"31.5362627\",\"lng\":\"34.4773325\"}',NULL,'avatar','cover','Video','description',NULL,4,NULL),(327,'Ahmed Mohamed Ibrahim Madi','FMCG80x@gmail.com','$2b$10$0d9b/QbmhDnHmD/9Q4E92uHlTT1IwA8Z9DUN81qQhPm2DHWehWXVa',2,NULL,888089,'Expert Gallery','{\"lat\":\"31.5060071\",\"lng\":\"34.4609491\"}',NULL,'avatar','cover','Video','description',NULL,4,NULL),(328,'Wissam Muhammad collected Abu Jazar','FMCG81x@gmail.com','$2b$10$cha1qMWFRthXtWDgqUyR1uRr7JUPrcTEaU4lsCEuNZEll0M6AOoE6',2,NULL,8623144,'Gulf iPhone Gallery','{\"lat\":\"31.2795617\",\"lng\":\"34.2548626\"}',NULL,'avatar','cover','Video','description',NULL,4,NULL),(329,'Ahmed Nabil Mohammed Professor','FMCG82x@gmail.com','$2b$10$dpsHRluui37XObpUD/7iMecHwfE8iTQ5dfNhaBpV2w/N4.7YagDza',2,NULL,8620702,'Gulf Telecom Exhibition','{\"lat\":\"31.44846108\",\"lng\":\"34.38987746\"}',NULL,'avatar','cover','Video','description',NULL,4,NULL),(330,'Gulf','FMCG83x@gmail.com','$2b$10$0tJh9BYiEfJmb69W/i4msOGOYkvthxi87JRN8UiGi5uqno3jqNQfW',2,NULL,8758571,'Gulf Telecom Exhibition','{\"lat\":\"31.5062239\",\"lng\":\"34.4624041\"}',NULL,'avatar','cover','Video','description',NULL,4,NULL),(331,'Qais Mustafa Al-Salloul','FMCG84x@gmail.com','$2b$10$Lbyntt/GxI4P1bcWubvETOkhjQl4DxlIaRbmA5ExKmsdRESgw3i4u',2,NULL,7680888,'Cell phone gallery - cell phone measure','{\"lat\":\"31.44911293\",\"lng\":\"34.3906834\"}',NULL,'avatar','cover','Video','description',NULL,4,NULL),(332,'Awad Shaban Awad Afaneh','FMCG85x@gmail.com','$2b$10$LI5job9CcvkAK25KZYRUS.2Lf4vXYjeWe0AFGSBcnnv.3PGaH4Kr.',2,NULL,9888130,'Sindbad exhibition Awad Afaneh','{\"lat\":\"31.5076547\",\"lng\":\"34.4630868\"}',NULL,'avatar','cover','Video','description',NULL,4,NULL),(333,'Adeeb El Sawy','FMCG86x@gmail.com','$2b$10$G1DvfEvVhCX/EyIjN7DYiebxvm0ut6NpgRs5txOgCWFcy1f12zRAy',2,NULL,9008081,'Al-Shati Gallery 1, Adeeb Al-Sawy','{\"lat\":\"31.530748\",\"lng\":\"34.4477388\"}',NULL,'avatar','cover','Video','description',NULL,4,NULL),(334,'Omar Mohammed Saleh Zomlot','FMCG88x@gmail.com','$2b$10$lmsr0PaDY6WR3amtOuAoIOEIEiVNKOXYZ1AzmJHeoQb1.u4mOEJq.',2,NULL,599848120,'Sheikh Zayed Gallery','{\"lat\":\"31.5379103\",\"lng\":\"34.5081538\"}',NULL,'avatar','cover','Video','description',NULL,4,NULL),(335,'Ahmed Ismail, the sector','FMCG89x@gmail.com','$2b$10$BrqjSnlaQIUKLplaueAQ8.lAgk4FcH0j2QLHVyqGAXDEfOduIWVFm',2,NULL,8746008,'IPhone Friendship Gallery','{\"lat\":\"31.513679\",\"lng\":\"34.4754636\"}',NULL,'avatar','cover','Video','description',NULL,4,NULL),(336,'Ahmed Rasmi Diab Al-Azayzeh','FMCG90x@gmail.com','$2b$10$cXB9iGnWn/doX53LCSY8weVzCUISwAaZvDuFG5nXn5SsZQd1Dk5pC',2,NULL,8603133,'Al-Azayzeh Gallery','{\"lat\":\"31.41778016\",\"lng\":\"34.34811336\"}',NULL,'avatar','cover','Video','description',NULL,4,NULL),(337,'Muhammad Jaber Muhammadj family','FMCG91x@gmail.com','$2b$10$DikikfXxm30aZISXj7Qhtu7rSfL39N8Kz5x5MtOdzFjASfq4M5rZ6',2,NULL,8745831,'Family Exhibition for Communications','{\"lat\":\"31.5096333\",\"lng\":\"34.4636777\"}',NULL,'avatar','cover','Video','description',NULL,4,NULL),(338,'Faris Mohammed Hassan Al-Atrash','FMCG92x@gmail.com','$2b$10$tYwnYlHAGPH9jVnFeeyynOJzM9iT6/eGyeMJ5T/5wLB6nEBnYd326',2,NULL,8641900,'Dawn Telecom Gallery','{\"lat\":\"31.533495\",\"lng\":\"34.472265\"}',NULL,'avatar','cover','Video','description',NULL,4,NULL),(339,'Quality lamp','FMCG93x@gmail.com','$2b$10$WbyMOeVMs8Q9YQnKSHzsVOGK8Qh9UTQ7Adcwn5sGH0DtR9nK7XKa.',2,NULL,597550615,'Fakhama Telecom Gallery','{\"lat\":\"31.5343009\",\"lng\":\"34.4469401\"}',NULL,'avatar','cover','Video','description',NULL,4,NULL),(340,'Youssef Ali Hassan Hajj Ahmed','FMCG94x@gmail.com','$2b$10$3fv5g7uPPSAiNL1y0Z9ueuVpCADjvqm3.uvMKDBtAbbY6BrXR3Bq2',2,NULL,9444277,'Al-Qadisiyah Mobile Gallery - Youssef Al-Hajj Ahmed','{\"lat\":\"31.5086836\",\"lng\":\"34.4684401\"}',NULL,'avatar','cover','Video','description',NULL,4,NULL),(341,'Mahmoud Muhammad Al-Kahlout','FMCG95x@gmail.com','$2b$10$WLJIh.dO7n5BQbYrRE6ODejE8png6u/88DZqof2f41J5EGoCAlYl2',2,NULL,568732068,'Kahlout Gallery','{\"lat\":\"31.5087318\",\"lng\":\"34.4796889\"}',NULL,'avatar','cover','Video','description',NULL,4,NULL),(342,'Ahmed Hegazy','FMCG96x@gmail.com','$2b$10$rk7G5e9ao/RdDUT5D1adT.pBJwRfoSGj.ntP/ml7AaG3Od0vYd3iW',2,NULL,8657721,'Al-Majd Exhibition - Ahmed Hegazy','{\"lat\":\"31.280546\",\"lng\":\"34.2540387\"}',NULL,'avatar','cover','Video','description',NULL,4,NULL),(343,'Haitham Khattab','FMCG97x@gmail.com','$2b$10$pBldM7we.aZSFU5NRu5eHOxXRmKeSQN9YWTtiEFBc5jbS2v5556NS',2,NULL,595242490,'Engineer Telecom Exhibition','{\"lat\":\"31.41630671\",\"lng\":\"34.35082554\"}',NULL,'avatar','cover','Video','description',NULL,4,NULL),(344,'Light Mobile Gallery','FMCG98x@gmail.com','$2b$10$QuXMExlwMwFfARkk06OyPu8OVJNauFeGLa2qbWQJOwb6ft7moJLpi',2,NULL,597669001,'Light Gallery','{\"lat\":\"31.5063402\",\"lng\":\"34.4759121\"}',NULL,'avatar','cover','Video','description',NULL,4,NULL),(345,'Ismail Odeh Al-Louh','FMCG99x@gmail.com','$2b$10$QntkAwGOlZ5zm0eyh5VmLOJUxxtYdFKHy1zeFz0Zax/03qUtiEDvm',2,NULL,597855155,'Light Exhibition - Ismail Odeh Al-Louh','{\"lat\":\"31.40584155\",\"lng\":\"34.34391592\"}',NULL,'avatar','cover','Video','description',NULL,4,NULL),(346,'Sabry Salman Yassin','FMCG100x@gmail.com','$2b$10$d2cxyZKYVIwQ6OSEYWP8quYtp3I3rHa7VCdGH2iPJaYauuLwD2xDu',2,NULL,933700,'Light Exhibition for Communications','{\"lat\":\"31.501934\",\"lng\":\"34.4579645\"}',NULL,'avatar','cover','Video','description',NULL,4,NULL),(347,'Light','FMCG101x@gmail.com','$2b$10$TIAFdodQjC8dVEfxUSCHXu1706XTEC4mNWMFulP8jy4KknAQIo/Z6',2,NULL,9444228,'Light Exhibition for Communications','{\"lat\":\"31.5433016\",\"lng\":\"34.4956316\"}',NULL,'avatar','cover','Video','description',NULL,4,NULL),(348,'Mohammed Ali Adel Abu Ghaly','FMCG103x@gmail.com','$2b$10$oY6rOjKsp8aXwpHIwq2arOW0OvXf82ZGjHahrnK0i984LPPx2Wzuq',2,NULL,8394544,'Handsome iPhone Gallery','{\"lat\":\"31.5094708\",\"lng\":\"34.4768558\"}',NULL,'avatar','cover','Video','description',NULL,4,NULL),(349,'Muhammad Nihad Abu Hani','FMCG104x@gmail.com','$2b$10$41HmoKhCeJvS1SoYHDnyNeBI05wNPtI91WaaV3gerqa2vhMBoIy4a',2,NULL,9333554,'Angie Phone 2 Exhibition - Muhammad Abu Hani','{\"lat\":\"31.5066939\",\"lng\":\"34.4683164\"}',NULL,'avatar','cover','Video','description',NULL,4,NULL),(350,'Muhammad Naim Ali Al-Dalu','FMCG105x@gmail.com','$2b$10$WjrZZW17a1hqoBTD6Cl4NezQYmDjtau2NtNoDXxYR.dx31q0.CNZe',2,NULL,9254050,'Enas Mobiles Gallery - Ayman Sammour','{\"lat\":\"31.5323213\",\"lng\":\"34.4485425\"}',NULL,'avatar','cover','Video','description',NULL,4,NULL),(351,'Bilal visit','FMCG107x@gmail.com','$2b$10$FPi9hpyvAI8F/8T83GFUWOvcBf6L1rO6CLm7wtQMtPlAdnN5EeshO',2,NULL,568645631,'Bebo Phone-Bilal exhibition visit','{\"lat\":\"31.5069904\",\"lng\":\"34.4707046\"}',NULL,'avatar','cover','Video','description',NULL,4,NULL),(352,'Walid Khaled Mansour Abu Hammad','FMCG106x@gmail.com','$2b$10$irXSj6YLwB3DAKvf92GBvut3DePIqe3ZJX4/1r6/iRPn1BkZooKJK',2,NULL,8687629,'Banan Fon_Waleed Abu Hammad exhibition','{\"lat\":\"31.2972417\",\"lng\":\"34.2437983\"}',NULL,'avatar','cover','Video','description',NULL,4,NULL),(353,'Muhammad Ahmad Muhammad Ahmad','FMCG108x@gmail.com','$2b$10$sHVwOfZhrO0GCRxeoEN.8etf5hq6ADHSWiEeMl.lxndYPxIbZNRMS',2,NULL,8745692,'Beirut exhibition','{\"lat\":\"31.45754938\",\"lng\":\"34.39215835\"}',NULL,'avatar','cover','Video','description',NULL,4,NULL),(354,'Diaa Ashraf Hujela','FMCG109x@gmail.com','$2b$10$Fw8BiQgYQH9E6rn28LZzDebIO4IiL04A4/wJr0DcbpYwPSBildrAa',2,NULL,9333396,'Top Phone Gallery, Diaa Hujela','{\"lat\":\"31.500948\",\"lng\":\"34.4695898\"}',NULL,'avatar','cover','Video','description',NULL,4,NULL),(355,'Ziad Hamdan Hajjaj','FMCG111x@gmail.com','$2b$10$n/iC4Xb/D3tpizVyFRm31uKpocAM0QVgx5cPvZPym72Qo8Wr9UBg2',2,NULL,592654372,'Hajjaj Telecom Gallery','{\"lat\":\"31.4963748\",\"lng\":\"34.4661858\"}',NULL,'avatar','cover','Video','description',NULL,4,NULL),(356,'Mohammed Omar Jabr Al-Natour','FMCG113x@gmail.com','$2b$10$ApeGCZOLBJhZ3XiQNafoJ.hdBXCVrt/U1XKr1znIWqanJXyj6jXpC',2,NULL,7717777,'Hamada Communications Gallery','{\"lat\":\"31.4892784\",\"lng\":\"34.451754\"}',NULL,'avatar','cover','Video','description',NULL,4,NULL),(358,'Abdul Hamid Qudaih','FMCG115x@gmail.com','$2b$10$JCBPK56K5C63/zZfyd89DeZ78l7C4NZ34vy5boki4TjFGoaijjATi',2,NULL,8751015,'Khuza\'a Mobiles Gallery - Abdul Hamid Qudeih','{\"lat\":\"31.3059706\",\"lng\":\"34.3597056\"}',NULL,'avatar','cover','Video','description',NULL,4,NULL),(359,'Khaled Nabil Al-Hosary','FMCG114x@gmail.com','$2b$10$/tCxLenqSjUvTWoIBXw.UuN1BxkuYLRUWTAhC1hTXZG.Seu4yeADC',2,NULL,8888601,'Khaled exclusive mobile exhibition','{\"lat\":\"31.5152073\",\"lng\":\"34.4501841\"}',NULL,'avatar','cover','Video','description',NULL,4,NULL),(360,'Rami Fayek Ismail Mortaji','FMCG116x@gmail.com','$2b$10$ronWMsPJlbWcINF2oUoUhu8KaZ/gVAxRDloIE7uU0wpYWuPXC19s2',2,NULL,7779876,'Ramy Murtaja Gallery','{\"lat\":\"31.5169634\",\"lng\":\"34.4460779\"}',NULL,'avatar','cover','Video','description',NULL,4,NULL),(361,'Mohamed Awad Adel Khalaf','FMCG117x@gmail.com','$2b$10$67ZosWcbqXLb.0kIdoJLV.9.Fc4JeqqBEYfPor3R9CwhsVmUHwpyy',2,NULL,599705611,'Banner gallery','{\"lat\":\"31.5054228\",\"lng\":\"34.4612814\"}',NULL,'avatar','cover','Video','description',NULL,4,NULL),(362,'Fadi Mustafa Abu Hajar','FMCG118x@gmail.com','$2b$10$6owGQiaMcISe1PhyTnqI..Ot.Yx9P87.plmO32fIhBLxxi33bcSnu',2,NULL,568888979,'Romance Telecom Gallery','{\"lat\":\"31.5018757\",\"lng\":\"34.457431\"}',NULL,'avatar','cover','Video','description',NULL,4,NULL),(363,'Mahmoud Rayan','FMCG119x@gmail.com','$2b$10$79y7ubQJm7nbgAMmDYPruuBfracD5npCwOi.SIBuhA30RiR9mpS1S',2,NULL,568405702,'Rayan Communications Gallery','{\"lat\":\"31.5368567\",\"lng\":\"34.4888197\"}',NULL,'avatar','cover','Video','description',NULL,4,NULL),(364,'Moamen Nazem Muhammad Aweidah','FMCG120x@gmail.com','$2b$10$06LQGXtAAjk76MowbubLQuUUjz7Mhci5aCH6YegHkxKjjJ1rL7xzG',2,NULL,8627503,'Zoom Mobile Gallery','{\"lat\":\"31.5230114\",\"lng\":\"34.4457968\"}',NULL,'avatar','cover','Video','description',NULL,4,NULL),(365,'Muhammad Erhim','FMCG121x@gmail.com','$2b$10$BiHhzWniEELT1JZRTB6CeuJS1VlvcXfosuYDElzVYAvHDH0rY3E7G',2,NULL,8889092,'Zain Telecom Exhibition','{\"lat\":\"31.4997892\",\"lng\":\"34.4553767\"}',NULL,'avatar','cover','Video','description',NULL,4,NULL),(366,'Subhi Jawad Subhi, the leg of God','FMCG122x@gmail.com','$2b$10$j0It81RxyEhnhtEPGVuY7.xqzt5.qv/Ihgv7Kss.LFXUOlEty2v2m',2,NULL,8651011,'God Stalk iPhone Gallery','{\"lat\":\"31.4892438\",\"lng\":\"34.4517109\"}',NULL,'avatar','cover','Video','description',NULL,4,NULL),(367,'Hamza Amin Hussain Shaheen','FMCG123x@gmail.com','$2b$10$XD/5RS.qtRXuIaDf7h5w..KS0DjzQtGBQpNPCBS8C61ozdgG4dDcS',2,NULL,567660178,'Samsung Telecom Exhibition','{\"lat\":\"31.544746\",\"lng\":\"34.4977639\"}',NULL,'avatar','cover','Video','description',NULL,4,NULL),(368,'Saeed Maher Saeed Barakat','FMCG124x@gmail.com','$2b$10$/kL.oPMksjcL25rC3LWsuelSia.OG9Ber98Im0z4cc/CUl9NQKa1a',2,NULL,8765591,'Saeed Telecom Gallery','{\"lat\":\"31.5255684\",\"lng\":\"34.4648712\"}',NULL,'avatar','cover','Video','description',NULL,4,NULL),(369,'Muhammad Aki','FMCG125x@gmail.com','$2b$10$WZpjp30H0WCQDmsaDBPeSOMjFtEEqnPMpKqWnQfrIEF4NXjkd8sb.',2,NULL,7406655,'Sky Phone Gallery','{\"lat\":\"31.5196691\",\"lng\":\"34.4477177\"}',NULL,'avatar','cover','Video','description',NULL,4,NULL),(370,'Watan Sugar','FMCG126x@gmail.com','$2b$10$lPZJiirKEPPNkMpOxHnxSOn6aFLW60tYMtnOOTP8Y.WqHfnwHWu4G',2,NULL,569333395,'Sugar Showroom - Homeland Sugar','{\"lat\":\"31.5021697\",\"lng\":\"34.4682042\"}',NULL,'avatar','cover','Video','description',NULL,4,NULL),(371,'Majid Ismail Muhanna','FMCG127x@gmail.com','$2b$10$xlrUD1GIT83N1scR8mekTuV3tHMNGc.vnEcYg1YaMelB8ZzwuZR9q',2,NULL,568888138,'Silver Phone Telecom Gallery','{\"lat\":\"31.5268491\",\"lng\":\"34.4510318\"}',NULL,'avatar','cover','Video','description',NULL,4,NULL),(372,'Abdul Hai Al-Mazloum','FMCG129x@gmail.com','$2b$10$dXYOFI9wB8O4lns4nDIVGey.C5HxHhDxTWVsMNBlAz5x1ohBv8Z5.',2,NULL,568333006,'Sony Mobile Exhibition - Abdali Al-Mazloum','{\"lat\":\"31.5084943\",\"lng\":\"34.4584129\"}',NULL,'avatar','cover','Video','description',NULL,4,NULL),(373,'A person','FMCG131x@gmail.com','$2b$10$Q809slI8FtINQJSRx9oUnerXDJfnVSBVjfpZKtw.KOgd69fkeYrS6',2,NULL,599567780,'Contact person gallery','{\"lat\":\"31.4930391\",\"lng\":\"34.475906\"}',NULL,'avatar','cover','Video','description',NULL,4,NULL),(374,'Ahmed Mohamed Ahmed Shamaa','FMCG132x@gmail.com','$2b$10$oJPPgTETJeqilCbqds02WufL.IXIQW6Sam8D9d4XtX7FsQi/Aoqp6',2,NULL,8619298,'Shamaa Exhibition for Communications _ Ahmed Mohamed Shamaa','{\"lat\":\"31.5336093\",\"lng\":\"34.4999002\"}',NULL,'avatar','cover','Video','description',NULL,4,NULL),(375,'Muhammad Siyam','FMCG133x@gmail.com','$2b$10$bSJ3QpYk0JAVWtjpKiWAL..0hwapqvFSEJwuGAZ55O8claDVKC6EK',2,NULL,598262494,'Siam exhibition','{\"lat\":\"31.5059942\",\"lng\":\"34.4764665\"}',NULL,'avatar','cover','Video','description',NULL,4,NULL),(376,'Muhammad Hisham Muhammad Saydam','FMCG134x@gmail.com','$2b$10$8kpYbujywiFyaRJOGw2Zcuc0vv9rI5B9T5cTgm9ZNjxxSG2fiHIEi',2,NULL,568889444,'Saidam Telecom Gallery','{\"lat\":\"31.44506661\",\"lng\":\"34.38938257\"}',NULL,'avatar','cover','Video','description',NULL,4,NULL),(377,'Issa Munir Hassan Abu Zaiter','FMCG135x@gmail.com','$2b$10$lWUauliwDz/zE7ztnfd8fuOv4Ij6Qgj9MKopMQNq07tmAYk2C3Y86',2,NULL,598824513,'Tiberias Telecom Gallery - Issa Abu Zaiter','{\"lat\":\"31.5295274\",\"lng\":\"34.4931404\"}',NULL,'avatar','cover','Video','description',NULL,4,NULL),(378,'Bahaa Kashkou','FMCG136x@gmail.com','$2b$10$h7H8Mba/1p8yRaOD3cnUxuGLHDruecqaw/dE8aMXQj7C/xw4Hi4UC',2,NULL,568614736,'Obeida Telecom Gallery','{\"lat\":\"31.4968048\",\"lng\":\"34.4580756\"}',NULL,'avatar','cover','Video','description',NULL,4,NULL),(379,'Ayman Hamdan Qudeih','FMCG137x@gmail.com','$2b$10$pOpo3.JOuu.G3PKiYra2/egED/c9FR7aaL7Wu4w4/9YIKD8TRSB6C',2,NULL,568888512,'Palestine Telecom Exhibition Abassan Al Kabeer','{\"lat\":\"31.3221084\",\"lng\":\"34.3480059\"}',NULL,'avatar','cover','Video','description',NULL,4,NULL),(380,'Mahmoud Fawaz Hamdan Al-Batnaiji','FMCG139x@gmail.com','$2b$10$zKt.9/QgT6OIu/0IfGNO6uWiyBTmGl7hrTIw7hsZunqEZHSi9/KCe',2,NULL,8888469,'Vista Communications and Computer Gallery','{\"lat\":\"31.5159011\",\"lng\":\"34.4409739\"}',NULL,'avatar','cover','Video','description',NULL,4,NULL),(381,'Amjad Marwan Hamdan Qudeih','FMCG140x@gmail.com','$2b$10$g4ZLoBNpxtChNlPXB2iJUeujza2p.8CBZ9gzZ3parvP.voBwMf10i',2,NULL,568888896,'Kodeih Gallery','{\"lat\":\"31.342336\",\"lng\":\"34.3257078\"}',NULL,'avatar','cover','Video','description',NULL,4,NULL),(382,'Ayman Hatem Abu Rida','FMCG141x@gmail.com','$2b$10$LTXFXa5Lcu2skY/lmtHIJ.GqLGFcdz6cu7lpM6WfCoDi2EP4kdIeG',2,NULL,8888513,'Qudaih Mobile Gallery','{\"lat\":\"31.3056268\",\"lng\":\"34.3592934\"}',NULL,'avatar','cover','Video','description',NULL,4,NULL),(383,'Musab Al-Madhoun','FMCG143x@gmail.com','$2b$10$Z/xIu8iVMRzx9/oBBhvbCuRqd/jqdgeK0US7QfIxl6fN/sdxAcMty',2,NULL,8641880,'Max iPhone Gallery','{\"lat\":\"31.5401664\",\"lng\":\"34.464131\"}',NULL,'avatar','cover','Video','description',NULL,4,NULL),(384,'Mohamed Samir Mushtaha','FMCG145x@gmail.com','$2b$10$zkLoN4wNi5u5SIJh/QkmY.u4QTIoIdG2viAEZUQRrtnblaMaNzUHa',2,NULL,8888064,'Mushtaha iPhone Gallery','{\"lat\":\"31.5082768\",\"lng\":\"34.4319952\"}',NULL,'avatar','cover','Video','description',NULL,4,NULL),(385,'Iyad Abu Karsh','FMCG146x@gmail.com','$2b$10$13MFzhV6A0lFryWsdR4YceeGD73aUOqhCA4vacRwaVI85kEfJGOHm',2,NULL,568888174,'IPhone Mobile Gallery','{\"lat\":\"31.5234382\",\"lng\":\"34.4397\"}',NULL,'avatar','cover','Video','description',NULL,4,NULL),(386,'Helmy Abu Toha','FMCG147x@gmail.com','$2b$10$qCJMvSOjPLtPRDmuNTcDDeO.vinRVAg8U1QIH4jlknrOjsVqscbT.',2,NULL,7209000,'Nokia Telecom Gallery','{\"lat\":\"31.531861\",\"lng\":\"34.4712558\"}',NULL,'avatar','cover','Video','description',NULL,4,NULL),(387,'Waseem handsome','FMCG149x@gmail.com','$2b$10$igu3uNRbIQYDUeqaQT6kMOcDdJUeOVqavvllCLje1kDCVNmNvX0/a',2,NULL,0,'Handsome iPhone Gallery','{\"lat\":\"31.4185723\",\"lng\":\"34.34892151\"}',NULL,'avatar','cover','Video','description',NULL,4,NULL),(388,'Muhammad Al-Farra','FMCG150x@gmail.com','$2b$10$.blaz14OsUZ2rOm5aYt/TuH6gJXIsQbtA8F1j/WlbCaYo2dN.IBvu',2,NULL,9444337,'Washoshni Telecom Exhibition - Muhammad Al-Farra','{\"lat\":\"31.3407744\",\"lng\":\"34.3136872\"}',NULL,'avatar','cover','Video','description',NULL,4,NULL),(390,'Ayman Fathy Abdel Hadi Nasser','FMCG152x@gmail.com','$2b$10$CYLj1vmwc7u4yoRPmvwgCuMtJbMBYav24xI7Sv/6waWSUbKajcNe.',2,NULL,8772831,'Beit Hanoun Gallery and Library','{\"lat\":\"31.5381362\",\"lng\":\"34.5332136\"}',NULL,'avatar','cover','Video','description',NULL,4,NULL),(391,'Ali Mahmoud Abu Assi','FMCG153x@gmail.com','$2b$10$01KEe2FwyROGCLG5p290COvj777uAyswh8Aeg9f.uVpdgufvYI6.u',2,NULL,9222884,'Jaffa Phone Gallery - Ali Abu Asi','{\"lat\":\"31.5098685\",\"lng\":\"34.4658003\"}',NULL,'avatar','cover','Video','description',NULL,4,NULL),(392,'Mohammed Al-Arja','FMCG155x@gmail.com','$2b$10$JyKMbA6ctnaykvIKMn7EEeaBm/mzG2Bj/kvnUUz0AQEF/j4Zqnliu',2,NULL,8622483,'IPhone office lights','{\"lat\":\"31.2881355\",\"lng\":\"34.2584289\"}',NULL,'avatar','cover','Video','description',NULL,4,NULL),(393,'Al-Sabeel Engineering and Planning Office','FMCG157x@gmail.com','$2b$10$LCeldAxAl66CLXsMvgNLiOPjMAh/TWisayhA0b68OV8s7bHfln51K',2,NULL,599508833,'Al Sabeel Office','{\"lat\":\"31.3430313\",\"lng\":\"34.3224955\"}',NULL,'avatar','cover','Video','description',NULL,4,NULL),(394,'Ismail Saleh entered God','FMCG156x@gmail.com','$2b$10$BMtqBD.C1AG4uWG65qVHReguy.VZJiJ7V5vARJBIk4cI76nRVoUqG',2,NULL,7240202,'Al-Anwar Communications Office - Muhammad Al-Arjah','{\"lat\":\"31.2673623\",\"lng\":\"34.2805153\"}',NULL,'avatar','cover','Video','description',NULL,4,NULL),(395,'Masoud Atallah','FMCG160x@gmail.com','$2b$10$kttHhBN8MdLH3Mt.vnuq0OMwKTxoHaCpYXtRNVBuCc.SPZFi2zZl6',2,NULL,8748140,'Alya General Services Office - Masoud Atallah','{\"lat\":\"31.517107\",\"lng\":\"34.4563253\"}',NULL,'avatar','cover','Video','description',NULL,4,NULL),(396,'Doaa Al-Arqan Office','FMCG161x@gmail.com','$2b$10$IpAncYKUimpCkaMVuwpnG.oVGZe2hL9FqPZ9tg6TYqR2OZNTJVLFS',2,NULL,567159199,'Doaa Al-Arqan Office','{\"lat\":\"31.5001737\",\"lng\":\"34.4680397\"}',NULL,'avatar','cover','Video','description',NULL,4,NULL),(397,'Sama office','FMCG162x@gmail.com','$2b$10$jEbqhk77RKG/gvTP0najce33QyKRgvzEfsBEXA.hL50ogk/Rs4ly2',2,NULL,568756630,'Sama office','{\"lat\":\"31.2714071\",\"lng\":\"34.2642181\"}',NULL,'avatar','cover','Video','description',NULL,4,NULL),(398,'Rami Arafat','FMCG163x@gmail.com','$2b$10$b.euVuNYz6ylknjGQ.5u8eWep4tCMfKScgwrPXg1LSCR9KpN4KpMy',2,NULL,8654541,'Arafat Communications Office - Rami Arafat','{\"lat\":\"31.3407784\",\"lng\":\"34.3420995\"}',NULL,'avatar','cover','Video','description',NULL,4,NULL),(399,'Alaa Mahmoud Atta Al Shawa','FMCG170x@gmail.com','$2b$10$WOBkaOiYbCMHSaqa7ao24efI8HPLgv7JQV8AS4QHRr9yA2D/Zt4xa',2,NULL,9425763,'Green Earth Library','{\"lat\":\"31.5335847\",\"lng\":\"34.4547461\"}',NULL,'avatar','cover','Video','description',NULL,4,NULL),(400,'Musa Khalil Abdul Hamid Abu Laban','FMCG171x@gmail.com','$2b$10$FlCeNatU/1E/EakunBGj5.jkUwfT0QVgdMdVx3HzGm98GPFlUviai',2,NULL,882816,'Andalus Library - Moussa Abu Al-Jabain','{\"lat\":\"31.514227\",\"lng\":\"34.4374449\"}',NULL,'avatar','cover','Video','description',NULL,4,NULL),(401,'Fatima Abu Hashem','FMCG172x@gmail.com','$2b$10$ZcznCXeLbnkYiwSIt/zqZuYy.lIWk74AzWXNpN/MQuqaZ3lb4jIu6',2,NULL,8629185,'Sunrise Library_Fatima Abu Hashem','{\"lat\":\"31.3119289\",\"lng\":\"34.2391589\"}',NULL,'avatar','cover','Video','description',NULL,4,NULL),(402,'Yasser Al-Hamaydeh','FMCG173x@gmail.com','$2b$10$uQJlYWjo17jbgQeU97AGcuaGjRgHJoiWWI/khASUfhG4bqZWwCBAS',2,NULL,8743910,'Shaimaa Library','{\"lat\":\"31.2715438\",\"lng\":\"34.267642\"}',NULL,'avatar','cover','Video','description',NULL,4,NULL),(403,'Naeem Fayez Othman Hussein Ali','FMCG174x@gmail.com','$2b$10$VVIQdnULMzn/nhi4DtbCT.sIRqom6mywhQBjAYG7aBDHMmGFrFuDa',2,NULL,9897120,'Jerusalem Library','{\"lat\":\"31.5143656\",\"lng\":\"34.4371709\"}',NULL,'avatar','cover','Video','description',NULL,4,NULL),(404,'Muslim Abu Qaida','FMCG175x@gmail.com','$2b$10$aJaVokP47w2PHcNs.gvLTepHKyu8GpdCvrmm5a.a9URpYw.OqaAsi',2,NULL,8709318,'Jerusalem Library for University Services','{\"lat\":\"31.5435688\",\"lng\":\"34.5134139\"}',NULL,'avatar','cover','Video','description',NULL,4,NULL),(405,'Hussein Abd Al-Ali Abu Qaida','FMCG176x@gmail.com','$2b$10$LVmvuc88UCjmLDwxepz57O3uchEhGolmItDEQC5XgZthxDpCF1TnG',2,NULL,595263311,'Al-Quds Library - Hussein Abu Qaida','{\"lat\":\"31.534118\",\"lng\":\"34.454035\"}',NULL,'avatar','cover','Video','description',NULL,4,NULL),(406,'Moamen Musa Amer Al-Jarro','FMCG177x@gmail.com','$2b$10$zOUYYQv2RNkCofArks1gPuJu3NevzpzVIGzU/aO6vp9GecYYKDdwG',2,NULL,8760877,'The Pearl Library','{\"lat\":\"31.4922442\",\"lng\":\"34.4538457\"}',NULL,'avatar','cover','Video','description',NULL,4,NULL),(407,'Mohammed Jamil Mahmoud Jarada','FMCG178x@gmail.com','$2b$10$EJoogy7jwy9LUUw4lSkscuUEJlqNM5htln1ezigMukRpg81gAthua',2,NULL,8758714,'Alo Library','{\"lat\":\"31.5115112\",\"lng\":\"34.440145\"}',NULL,'avatar','cover','Video','description',NULL,4,NULL),(408,'Mahmoud Khalifa','FMCG180x@gmail.com','$2b$10$kYMkkPA1mEdz5NZxydldn.jcoMtLTAL0SRv6d4qwyStfDZXJF72Vi',2,NULL,7881800,'Andalus Library - Mahmoud Khalifa','{\"lat\":\"31.542856\",\"lng\":\"34.460847\"}',NULL,'avatar','cover','Video','description',NULL,4,NULL),(409,'Yasser Kamal Refaat Ismail','FMCG182x@gmail.com','$2b$10$o3MKLhsDBFjfVPuBRljN/OMMjZEWJD7jzXaoTg0YEmyN/DXixM5oG',2,NULL,567540390,'Khaled Ibn Al-Walid Library','{\"lat\":\"31.44384145\",\"lng\":\"34.38659271\"}',NULL,'avatar','cover','Video','description',NULL,4,NULL),(410,'Muhammed Salah Omar Zain Aldais','FMCG184x@gmail.com','$2b$10$TeaxTTpGRlc2C9EaaUUcCODZVX111dBQ/usUlXNU.7Okx4PXpvoXa',2,NULL,9858815,'Zainuddin Library','{\"lat\":\"31.5226344\",\"lng\":\"34.4400166\"}',NULL,'avatar','cover','Video','description',NULL,4,NULL),(411,'Mohammed Ismail Farag Toaima','FMCG185x@gmail.com','$2b$10$.taMVMzqfn9pgWJxipnfHOpbWpMNCAD0ZHQ/J0FgyLJ5OqdvxXg6W',2,NULL,8632448,'Sanabel Library','{\"lat\":\"31.3067841\",\"lng\":\"34.3411207\"}',NULL,'avatar','cover','Video','description',NULL,4,NULL),(412,'Magic Library','FMCG187x@gmail.com','$2b$10$hWwQXf09njMYxFAga9M3EOEltSZJQYww2iV3q95JRSpcR7vDZIaRK',2,NULL,567750907,'Magic Library','{\"lat\":\"31.534118\",\"lng\":\"34.454035\"}',NULL,'avatar','cover','Video','description',NULL,4,NULL),(413,'Muhammad Kaoud','FMCG188x@gmail.com','$2b$10$3IX3SnGnlFn8cjM6XhnDUuZS1t3oPnZ8Oag8kkCgH5ybhK/gYVgsq',2,NULL,8384800,'King of the computer, the Internet and mobile_Mohammed Kaoud','{\"lat\":\"31.47139761\",\"lng\":\"34.40219084\"}',NULL,'avatar','cover','Video','description',NULL,4,NULL),(414,'Mamdouh Aslim','FMCG189x@gmail.com','$2b$10$pUwnZCFqyWZSfALmfc.AOem/ciiTyF92LmCCZeiy7/cJiqpfPIJlu',2,NULL,8615796,'Mamdouh Fon_ Mamdouh Aslim','{\"lat\":\"31.5315217\",\"lng\":\"34.4541581\"}',NULL,'avatar','cover','Video','description',NULL,4,NULL),(415,'Amir Mahmoud Manna','FMCG190x@gmail.com','$2b$10$hL20kmoYat35D.K4CmhuJeLpvXH6tD371fI0IXzVY064UxanZO8Ae',2,NULL,7022834,'Manna for electrical appliances','{\"lat\":\"31.44222138\",\"lng\":\"34.40413776\"}',NULL,'avatar','cover','Video','description',NULL,4,NULL),(416,'Mohsen Youssef Hussein Dakka','FMCG191x@gmail.com','$2b$10$HIjN4Hss6UuIEx66wSxV7O06RLylSphnKcrxncYk18dsz1DNrpXTa',2,NULL,8636250,'Maha Center _ Mohsen Dakah','{\"lat\":\"31.5285359\",\"lng\":\"34.4826523\"}',NULL,'avatar','cover','Video','description',NULL,4,NULL),(417,'Muammar Youssef tiger spellbound','FMCG192x@gmail.com','$2b$10$wb.JpUTfRSg65csXFgkQZu/uKRPhcgLCJaQOfPKUlV/NiO8BdLi4i',2,NULL,8745684,'Mobile Pal','{\"lat\":\"31.5226414\",\"lng\":\"34.4631663\"}',NULL,'avatar','cover','Video','description',NULL,4,NULL),(418,'Hamza Muhammad Abu Kamil','FMCG193x@gmail.com','$2b$10$P.MqCkgW5HwfBDWoO7r3UOy2pPv6fJinjp2u4fWSZhldP/xIv9PqK',2,NULL,6668000,'Mobile Zone','{\"lat\":\"31.5159011\",\"lng\":\"34.4409739\"}',NULL,'avatar','cover','Video','description',NULL,4,NULL),(419,'Hammad Dardis','FMCG194x@gmail.com','$2b$10$T2SNMjm53dkSlO0IQLWgzuo5j88mHjA6D2Rgx2uNk.Fb0pgDafin2',2,NULL,7827122,'Mobily Hammad Dardis','{\"lat\":\"31.4996433\",\"lng\":\"34.470901\"}',NULL,'avatar','cover','Video','description',NULL,4,NULL),(420,'Hazem Mazen Mohammed Abu Naji','FMCG195x@gmail.com','$2b$10$r1TAEu7CDxX8CbVP.VjVeeUSZM/0jdvMEw7q76QGEC4miO07FuDqy',2,NULL,8657910,'Mido Communications _ Hazem Mazen Muhammad Abu Naji','{\"lat\":\"31.5313486\",\"lng\":\"34.4615728\"}',NULL,'avatar','cover','Video','description',NULL,4,NULL),(421,'Badr Al-Sabaa','FMCG196x@gmail.com','$2b$10$fD2ve/6Zn9LR5/pbOu2juej8iwondQ5S7UHa2n.396OV4cv.BaJUu',2,NULL,568735475,'Mercury','{\"lat\":\"31.5108204\",\"lng\":\"34.4476556\"}',NULL,'avatar','cover','Video','description',NULL,4,NULL),(422,'Ahmed Falah Badawi','FMCG197x@gmail.com','$2b$10$dK5d5BcS3cPOQR0U5FqySeL6isvLzE3nVC6/b81qXCpK.QVRA/fV.',2,NULL,567343510,'Nano Selfie iPhone for Telecom','{\"lat\":\"31.509212\",\"lng\":\"34.4501401\"}',NULL,'avatar','cover','Video','description',NULL,4,NULL),(423,'Iyas Abdul Latif Hassan Nabhan','FMCG198x@gmail.com','$2b$10$0PLVV9ShDXoIu3duoKmHP.WxqZc.f3ajPw80EHVRbd2xMbz3LmQkK',2,NULL,9444229,'Nabhan Telecom','{\"lat\":\"31.5268503\",\"lng\":\"34.485398\"}',NULL,'avatar','cover','Video','description',NULL,4,NULL),(424,'Ahmed Nabil Al-Sammak','FMCG199x@gmail.com','$2b$10$v9Xetwfl19ZBr.KqjEw2VOVXM8khQS9ARe7vvoy11bRklNdoZTxF6',2,NULL,8365589,'Nabil Vaughn','{\"lat\":\"31.44214763\",\"lng\":\"34.40434251\"}',NULL,'avatar','cover','Video','description',NULL,4,NULL),(425,'Fatima Salim Abdel Razek Abu Hasira','FMCG200x@gmail.com','$2b$10$MRKIj5WVRiUmihKfo9OvXeYxr3amvVDwnO.kbbNWzdvEDhBhO6ttC',2,NULL,599022056,'Nada Fon_ Yahya Abu Matra','{\"lat\":\"31.5282859\",\"lng\":\"34.4383104\"}',NULL,'avatar','cover','Video','description',NULL,4,NULL),(426,'Muhammad Hussein Yasser Nasr','FMCG201x@gmail.com','$2b$10$d2WaK6mMMQQKF9ZOcH1s8O5bCeJzXa96tajY4Q3crGXwkt5ho3vPK',2,NULL,9444588,'Nasr Telecom','{\"lat\":\"31.5109245\",\"lng\":\"34.4477323\"}',NULL,'avatar','cover','Video','description',NULL,4,NULL),(427,'Tiger Kahil','FMCG202x@gmail.com','$2b$10$bmBi/Qdh/A5136Q0.YmYyuNXsoZCcXTT0isXiCRdKDAdmxxG9KS2m',2,NULL,68888025,'Tiger iPhone','{\"lat\":\"31.5081741\",\"lng\":\"34.4528757\"}',NULL,'avatar','cover','Video','description',NULL,4,NULL),(428,'Mohammed Abu Clinic','FMCG203x@gmail.com','$2b$10$aUaNSVp.k1vK1rgVMwKCfOfgDWud3nZfKxk7gmo8mNnCDGQ9LmV8m',2,NULL,8749485,'Nokia Communications - Muhammad Abu Clinic','{\"lat\":\"31.3101238\",\"lng\":\"34.243495\"}',NULL,'avatar','cover','Video','description',NULL,4,NULL),(429,'Hazem Muhammad Al-Abed Qunita','FMCG205x@gmail.com','$2b$10$iN5kg1exkb1xnAsXlu/...TrFTkfjHwi6TFnP2vulN58ImpLn6b0G',2,NULL,569444722,'Hi Tech 2','{\"lat\":\"31.534118\",\"lng\":\"34.454035\"}',NULL,'avatar','cover','Video','description',NULL,4,NULL),(430,'Hisham Zuhair Saeed Abu Issa','FMCG204x@gmail.com','$2b$10$BuEhghnb1.BDPwrFELqNuu35iO3Z7QDRKSnJz0O/p3uzEB4bdwIi6',2,NULL,0,'Hani Abu Eissa','{\"lat\":\"31.3103533\",\"lng\":\"34.2409995\"}',NULL,'avatar','cover','Video','description',NULL,4,NULL),(431,'Emad Mahmoud Darwish hello','FMCG207x@gmail.com','$2b$10$dXvzJAnjGdcNOWcQII6cN.vt5HEF8PsRsbQb.ns8p87xESzkAmlK2',2,NULL,8888076,'Hello','{\"lat\":\"31.5310248\",\"lng\":\"34.4439425\"}',NULL,'avatar','cover','Video','description',NULL,4,NULL),(432,'Muhammad Mahmoud Misbah is here','FMCG208x@gmail.com','$2b$10$.jY4Yzq3KwjGPAaKpNs9SOetsqXB7uZHyk9afkOi/N8U3Q3L0wV5m',2,NULL,597799733,'Hana Telecom_Mohammed is here','{\"lat\":\"31.4991292\",\"lng\":\"34.4771485\"}',NULL,'avatar','cover','Video','description',NULL,4,NULL),(433,'Hanadi Saeed Farid Ali','FMCG209x@gmail.com','$2b$10$eFcUyQcxNbm/a.4gJ2hN7eCFHMreP1IhAaQjooIGjnk8t0jS0rr0O',2,NULL,59299668,'Hanadi Insurance','{\"lat\":\"31.5039094\",\"lng\":\"34.4667151\"}',NULL,'avatar','cover','Video','description',NULL,4,NULL),(434,'Arafat Muhammad Saber Sukkar','FMCG211x@gmail.com','$2b$10$t7QeCsULha4ywTAtFgPpP.S6SuG7D8eSpkojFMAOPG/jpGZv4gYo.',2,NULL,597243324,'Wifi Sugar - Arifat Sugar','{\"lat\":\"31.4968088\",\"lng\":\"34.4806931\"}',NULL,'avatar','cover','Video','description',NULL,4,NULL),(435,'Youssef Naji Bakroun','FMCG213x@gmail.com','$2b$10$LQ654ut/xRrH5MEWsbTFrOvgkKsRPqyJKYSbOXm8H6aCLKsYxhBBK',2,NULL,59400491,'One Phone - Joseph Bakron','{\"lat\":\"31.4960913\",\"lng\":\"34.4691269\"}',NULL,'avatar','cover','Video','description',NULL,4,NULL),(436,'National Gallery','FMCG212x@gmail.com','$2b$10$KiifyJMw4kEHz4TgG.kd1e85hp7BsLjly2RUq8EQOZpHUlYBXUXBy',2,NULL,8880233,'Watani Mobile','{\"lat\":\"31.5086934\",\"lng\":\"34.4502174\"}',NULL,'avatar','cover','Video','description',NULL,4,NULL),(437,'Ahmed Fathy Ibrahim Mohtaseb','FMCG215x@gmail.com','$2b$10$qF4QiUHDxqjlc.mCDpvnx.wRwqRVTHbNKXMqGno9Wb0vage/BgPO.',2,NULL,7101933,'IPhone weighs','{\"lat\":\"31.5061944\",\"lng\":\"34.4627697\"}',NULL,'avatar','cover','Video','description',NULL,4,NULL);
/*!40000 ALTER TABLE `user` ENABLE KEYS */;
UNLOCK TABLES;
/*!40103 SET TIME_ZONE=@OLD_TIME_ZONE */;

/*!40101 SET SQL_MODE=@OLD_SQL_MODE */;
/*!40014 SET FOREIGN_KEY_CHECKS=@OLD_FOREIGN_KEY_CHECKS */;
/*!40014 SET UNIQUE_CHECKS=@OLD_UNIQUE_CHECKS */;
/*!40101 SET CHARACTER_SET_CLIENT=@OLD_CHARACTER_SET_CLIENT */;
/*!40101 SET CHARACTER_SET_RESULTS=@OLD_CHARACTER_SET_RESULTS */;
/*!40101 SET COLLATION_CONNECTION=@OLD_COLLATION_CONNECTION */;
/*!40111 SET SQL_NOTES=@OLD_SQL_NOTES */;

-- Dump completed on 2020-08-09 14:55:28
